Count Type,Pitch Type,PA_Result_Type,PA_Result_Outcome,Angle,Direction,Distance,Location
0-0 Count,Curveball,Undefined,Undefined,StrikeCalled,nan,nan,nan
0-0 Count,Curveball,Undefined,Undefined,StrikeCalled,nan,nan,nan
0-0 Count,Slider,Undefined,Undefined,FoulBallNotFieldable,38.200174,71.170101,nan
0-0 Count,Slider,Undefined,Undefined,FoulBallNotFieldable,38.200174,71.170101,nan
0-0 Count,Slider,Undefined,Undefined,BallCalled,nan,nan,nan
0-0 Count,Slider,Undefined,Undefined,BallCalled,nan,nan,nan
0-0 Count,Slider,Undefined,Undefined,StrikeCalled,nan,nan,nan
0-0 Count,Slider,Undefined,Undefined,StrikeCalled,nan,nan,nan
0-0 Count,Fastball,Undefined,Undefined,BallCalled,nan,nan,nan
0-0 Count,Fastball,Undefined,Undefined,BallCalled,nan,nan,nan
0-0 Count,Slider,Undefined,Undefined,BallCalled,nan,nan,nan
0-0 Count,Slider,Undefined,Undefined,BallCalled,nan,nan,nan
0-0 Count,Fastball,Undefined,Undefined,BallCalled,nan,nan,nan
0-0 Count,Fastball,Undefined,Undefined,BallCalled,nan,nan,nan
0-0 Count,Slider,Undefined,Undefined,BallCalled,nan,nan,nan
0-0 Count,Slider,Undefined,Undefined,BallCalled,nan,nan,nan
0-0 Count,Slider,Undefined,Undefined,BallCalled,nan,nan,nan
0-0 Count,Slider,Undefined,Undefined,BallCalled,nan,nan,nan
0-0 Count,Curveball,Undefined,Undefined,BallCalled,nan,nan,nan
0-0 Count,Curveball,Undefined,Undefined,BallCalled,nan,nan,nan
0-0 Count,Fastball,Undefined,Undefined,FoulBallNotFieldable,46.457071,136.513516,nan
0-0 Count,Fastball,Undefined,Undefined,FoulBallNotFieldable,46.457071,136.513516,nan
0-0 Count,Slider,Undefined,Undefined,BallCalled,nan,nan,nan
0-0 Count,Slider,Undefined,Undefined,BallCalled,nan,nan,nan
0-0 Count,Sinker,Undefined,Undefined,BallCalled,nan,nan,nan
0-0 Count,Sinker,Undefined,Undefined,BallCalled,nan,nan,nan
0-0 Count,Slider,Undefined,Undefined,BallCalled,nan,nan,nan
0-0 Count,Slider,Undefined,Undefined,BallCalled,nan,nan,nan
0-0 Count,Fastball,Undefined,Undefined,BallCalled,nan,nan,nan
0-0 Count,Fastball,Undefined,Undefined,BallCalled,nan,nan,nan
0-0 Count,Slider,Undefined,Undefined,BallCalled,nan,nan,nan
0-0 Count,Slider,Undefined,Undefined,BallCalled,nan,nan,nan
0-0 Count,ChangeUp,Undefined,Undefined,BallCalled,nan,nan,nan
0-0 Count,ChangeUp,Undefined,Undefined,BallCalled,nan,nan,nan
0-0 Count,Slider,Undefined,Undefined,BallCalled,nan,nan,nan
0-0 Count,Slider,Undefined,Undefined,BallCalled,nan,nan,nan
0-0 Count,Slider,Undefined,Undefined,BallCalled,nan,nan,nan
0-0 Count,Slider,Undefined,Undefined,BallCalled,nan,nan,nan
0-0 Count,Fastball,Undefined,Undefined,FoulBallNotFieldable,7.358149,165.821667,nan
0-0 Count,Fastball,Undefined,Undefined,FoulBallNotFieldable,7.358149,165.821667,nan
0-0 Count,Sinker,Undefined,Undefined,BallCalled,nan,nan,nan
0-0 Count,Sinker,Undefined,Undefined,BallCalled,nan,nan,nan
0-0 Count,Fastball,Undefined,Undefined,StrikeCalled,nan,nan,nan
0-0 Count,Fastball,Undefined,Undefined,StrikeCalled,nan,nan,nan
0-0 Count,Fastball,Single,LineDrive,InPlay,11.610955,10.427969,219.476
0-0 Count,Fastball,Single,LineDrive,InPlay,11.610955,10.427969,219.476
0-0 Count,Slider,Undefined,Undefined,StrikeSwinging,nan,nan,nan
0-0 Count,Slider,Undefined,Undefined,StrikeSwinging,nan,nan,nan
0-0 Count,ChangeUp,Undefined,Undefined,BallCalled,nan,nan,nan
0-0 Count,ChangeUp,Undefined,Undefined,BallCalled,nan,nan,nan
0-0 Count,Curveball,Undefined,Undefined,BallCalled,nan,nan,nan
0-0 Count,Curveball,Undefined,Undefined,BallCalled,nan,nan,nan
0-0 Count,ChangeUp,Undefined,Undefined,BallCalled,nan,nan,nan
0-0 Count,ChangeUp,Undefined,Undefined,BallCalled,nan,nan,nan
0-0 Count,Sinker,Undefined,Undefined,HitByPitch,nan,nan,nan
0-0 Count,Sinker,Undefined,Undefined,HitByPitch,nan,nan,nan
0-0 Count,Sinker,Undefined,Undefined,BallCalled,nan,nan,nan
0-0 Count,Sinker,Undefined,Undefined,BallCalled,nan,nan,nan
0-0 Count,Slider,Undefined,Undefined,BallCalled,nan,nan,nan
0-0 Count,Slider,Undefined,Undefined,BallCalled,nan,nan,nan
0-0 Count,Sinker,Undefined,Undefined,BallCalled,nan,nan,nan
0-0 Count,Sinker,Undefined,Undefined,BallCalled,nan,nan,nan
0-0 Count,Slider,Undefined,Undefined,BallCalled,nan,nan,nan
0-0 Count,Slider,Undefined,Undefined,BallCalled,nan,nan,nan
0-0 Count,Fastball,Undefined,Undefined,BallCalled,nan,nan,nan
0-0 Count,Fastball,Undefined,Undefined,BallCalled,nan,nan,nan
0-0 Count,Curveball,Double,FlyBall,InPlay,25.842998,-0.749129,402.8061
0-0 Count,Curveball,Double,FlyBall,InPlay,25.842998,-0.749129,402.8061
0-0 Count,Fastball,Undefined,Undefined,BallCalled,nan,nan,nan
0-0 Count,Fastball,Undefined,Undefined,BallCalled,nan,nan,nan
0-0 Count,Fastball,Undefined,Undefined,BallCalled,nan,nan,nan
0-0 Count,Fastball,Undefined,Undefined,BallCalled,nan,nan,nan
0-0 Count,Cutter,Undefined,Undefined,StrikeCalled,nan,nan,nan
0-0 Count,Cutter,Undefined,Undefined,StrikeCalled,nan,nan,nan
0-0 Count,Fastball,Undefined,Undefined,FoulBallNotFieldable,50.411522,34.245944,nan
0-0 Count,Fastball,Undefined,Undefined,FoulBallNotFieldable,50.411522,34.245944,nan
0-0 Count,Slider,Undefined,Undefined,StrikeCalled,nan,nan,nan
0-0 Count,Slider,Undefined,Undefined,StrikeCalled,nan,nan,nan
0-0 Count,Fastball,Triple,LineDrive,InPlay,18.574014,22.504314,309.74517
0-0 Count,Fastball,Triple,LineDrive,InPlay,18.574014,22.504314,309.74517
0-0 Count,Fastball,Undefined,Undefined,StrikeCalled,nan,nan,nan
0-0 Count,Fastball,Undefined,Undefined,StrikeCalled,nan,nan,nan
0-0 Count,Fastball,Undefined,Undefined,StrikeCalled,nan,nan,nan
0-0 Count,Fastball,Undefined,Undefined,StrikeCalled,nan,nan,nan
0-0 Count,Slider,Undefined,Undefined,StrikeCalled,nan,nan,nan
0-0 Count,Slider,Undefined,Undefined,StrikeCalled,nan,nan,nan
0-0 Count,Slider,Undefined,Undefined,BallCalled,nan,nan,nan
0-0 Count,Slider,Undefined,Undefined,BallCalled,nan,nan,nan
0-0 Count,Fastball,Undefined,Undefined,StrikeCalled,nan,nan,nan
0-0 Count,Fastball,Undefined,Undefined,StrikeCalled,nan,nan,nan
0-0 Count,Curveball,Undefined,Undefined,BallCalled,nan,nan,nan
0-0 Count,Curveball,Undefined,Undefined,BallCalled,nan,nan,nan
0-0 Count,Slider,Undefined,Undefined,StrikeCalled,nan,nan,nan
0-0 Count,Slider,Undefined,Undefined,StrikeCalled,nan,nan,nan
0-0 Count,Sinker,Undefined,Undefined,BallCalled,nan,nan,nan
0-0 Count,Sinker,Undefined,Undefined,BallCalled,nan,nan,nan
0-0 Count,Fastball,Out,GroundBall,InPlay,nan,nan,nan
0-0 Count,Fastball,Out,GroundBall,InPlay,nan,nan,nan
0-0 Count,Curveball,Undefined,Undefined,BallCalled,nan,nan,nan
0-0 Count,Curveball,Undefined,Undefined,BallCalled,nan,nan,nan
Neutral Count,Fastball,Undefined,Undefined,StrikeCalled,nan,nan,nan
Neutral Count,Fastball,Undefined,Undefined,StrikeCalled,nan,nan,nan
Neutral Count,Fastball,Undefined,Undefined,StrikeCalled,nan,nan,nan
Neutral Count,Fastball,Undefined,Undefined,StrikeCalled,nan,nan,nan
Neutral Count,Sinker,Out,FlyBall,InPlay,25.479566,-14.381635,326.62236
Neutral Count,Sinker,Out,FlyBall,InPlay,25.479566,-14.381635,326.62236
Neutral Count,Fastball,Undefined,Undefined,FoulBallNotFieldable,20.121002,63.950752,236.6583
Neutral Count,Fastball,Undefined,Undefined,FoulBallNotFieldable,20.121002,63.950752,236.6583
Neutral Count,Fastball,Undefined,Undefined,BallCalled,nan,nan,nan
Neutral Count,Fastball,Undefined,Undefined,BallCalled,nan,nan,nan
Neutral Count,Fastball,Undefined,Undefined,BallCalled,nan,nan,nan
Neutral Count,Fastball,Undefined,Undefined,BallCalled,nan,nan,nan
Neutral Count,Slider,Undefined,Undefined,BallCalled,nan,nan,nan
Neutral Count,Slider,Undefined,Undefined,BallCalled,nan,nan,nan
Neutral Count,Fastball,Undefined,Undefined,BallCalled,nan,nan,nan
Neutral Count,Fastball,Undefined,Undefined,BallCalled,nan,nan,nan
Neutral Count,Fastball,Undefined,Undefined,FoulBallNotFieldable,nan,nan,nan
Neutral Count,Fastball,Undefined,Undefined,FoulBallNotFieldable,nan,nan,nan
Neutral Count,Fastball,Undefined,Undefined,BallCalled,nan,nan,nan
Neutral Count,Fastball,Undefined,Undefined,BallCalled,nan,nan,nan
Neutral Count,Curveball,Undefined,Undefined,BallCalled,nan,nan,nan
Neutral Count,Curveball,Undefined,Undefined,BallCalled,nan,nan,nan
Neutral Count,Fastball,Undefined,Undefined,StrikeCalled,nan,nan,nan
Neutral Count,Fastball,Undefined,Undefined,StrikeCalled,nan,nan,nan
Neutral Count,Fastball,Undefined,Undefined,StrikeSwinging,nan,nan,nan
Neutral Count,Fastball,Undefined,Undefined,StrikeSwinging,nan,nan,nan
Neutral Count,Slider,Undefined,Undefined,StrikeSwinging,nan,nan,nan
Neutral Count,Slider,Undefined,Undefined,StrikeSwinging,nan,nan,nan
Neutral Count,Sinker,Undefined,Undefined,BallCalled,nan,nan,nan
Neutral Count,Sinker,Undefined,Undefined,BallCalled,nan,nan,nan
Neutral Count,Slider,Undefined,Undefined,StrikeSwinging,nan,nan,nan
Neutral Count,Slider,Undefined,Undefined,StrikeSwinging,nan,nan,nan
Neutral Count,Slider,Undefined,Undefined,StrikeCalled,nan,nan,nan
Neutral Count,Slider,Undefined,Undefined,StrikeCalled,nan,nan,nan
Neutral Count,Slider,Undefined,Undefined,BallCalled,nan,nan,nan
Neutral Count,Slider,Undefined,Undefined,BallCalled,nan,nan,nan
Neutral Count,Fastball,Single,GroundBall,InPlay,5.253385,-4.434775,98.41474
Neutral Count,Fastball,Single,GroundBall,InPlay,5.253385,-4.434775,98.41474
Neutral Count,Fastball,Undefined,Undefined,BallCalled,nan,nan,nan
Neutral Count,Fastball,Undefined,Undefined,BallCalled,nan,nan,nan
Neutral Count,Fastball,HomeRun,FlyBall,InPlay,24.016997,24.306914,366.25133
Neutral Count,Fastball,HomeRun,FlyBall,InPlay,24.016997,24.306914,366.25133
Neutral Count,Sinker,Undefined,Undefined,BallCalled,nan,nan,nan
Neutral Count,Sinker,Undefined,Undefined,BallCalled,nan,nan,nan
Neutral Count,Curveball,Undefined,Undefined,FoulBallNotFieldable,50.355736,146.182628,nan
Neutral Count,Curveball,Undefined,Undefined,FoulBallNotFieldable,50.355736,146.182628,nan
Neutral Count,Sinker,Undefined,Undefined,FoulBallNotFieldable,58.639839,145.652064,nan
Neutral Count,Sinker,Undefined,Undefined,FoulBallNotFieldable,58.639839,145.652064,nan
Neutral Count,Cutter,Undefined,Undefined,BallCalled,nan,nan,nan
Neutral Count,Cutter,Undefined,Undefined,BallCalled,nan,nan,nan
Neutral Count,Fastball,Undefined,Undefined,BallCalled,nan,nan,nan
Neutral Count,Fastball,Undefined,Undefined,BallCalled,nan,nan,nan
Neutral Count,Slider,Undefined,Undefined,BallCalled,nan,nan,nan
Neutral Count,Slider,Undefined,Undefined,BallCalled,nan,nan,nan
Neutral Count,Fastball,Out,GroundBall,InPlay,-1.047471,24.76262,47.02909
Neutral Count,Fastball,Out,GroundBall,InPlay,-1.047471,24.76262,47.02909
Neutral Count,ChangeUp,Undefined,Undefined,StrikeCalled,nan,nan,nan
Neutral Count,ChangeUp,Undefined,Undefined,StrikeCalled,nan,nan,nan
Neutral Count,Fastball,Undefined,Undefined,BallCalled,nan,nan,nan
Neutral Count,Fastball,Undefined,Undefined,BallCalled,nan,nan,nan
Neutral Count,Fastball,Undefined,Undefined,BallCalled,nan,nan,nan
Neutral Count,Fastball,Undefined,Undefined,BallCalled,nan,nan,nan
Neutral Count,Fastball,Undefined,Undefined,BallCalled,nan,nan,nan
Neutral Count,Fastball,Undefined,Undefined,BallCalled,nan,nan,nan
Neutral Count,Slider,Undefined,Undefined,BallCalled,nan,nan,nan
Neutral Count,Slider,Undefined,Undefined,BallCalled,nan,nan,nan
Neutral Count,Sinker,HomeRun,FlyBall,InPlay,26.488065,27.29772,372.51379
Neutral Count,Sinker,HomeRun,FlyBall,InPlay,26.488065,27.29772,372.51379
Neutral Count,Sinker,Undefined,Undefined,BallCalled,nan,nan,nan
Neutral Count,Sinker,Undefined,Undefined,BallCalled,nan,nan,nan
Neutral Count,Fastball,Undefined,Undefined,StrikeSwinging,nan,nan,nan
Neutral Count,Fastball,Undefined,Undefined,StrikeSwinging,nan,nan,nan
Neutral Count,Fastball,Undefined,Undefined,BallCalled,nan,nan,nan
Neutral Count,Fastball,Undefined,Undefined,BallCalled,nan,nan,nan
Neutral Count,Slider,Out,Popup,InPlay,42.69481,2.061732,282.2932
Neutral Count,Slider,Out,Popup,InPlay,42.69481,2.061732,282.2932
Neutral Count,Fastball,Undefined,Undefined,BallCalled,nan,nan,nan
Neutral Count,Fastball,Undefined,Undefined,BallCalled,nan,nan,nan
Neutral Count,Fastball,Undefined,Undefined,StrikeCalled,nan,nan,nan
Neutral Count,Fastball,Undefined,Undefined,StrikeCalled,nan,nan,nan
Neutral Count,Slider,Undefined,Undefined,BallCalled,nan,nan,nan
Neutral Count,Slider,Undefined,Undefined,BallCalled,nan,nan,nan
Neutral Count,Fastball,Out,FlyBall,InPlay,47.145041,5.085462,170.85413
Neutral Count,Fastball,Out,FlyBall,InPlay,47.145041,5.085462,170.85413
Neutral Count,Slider,Undefined,Undefined,BallCalled,nan,nan,nan
Neutral Count,Slider,Undefined,Undefined,BallCalled,nan,nan,nan
Neutral Count,Fastball,Undefined,Undefined,FoulBallNotFieldable,nan,nan,nan
Neutral Count,Fastball,Undefined,Undefined,FoulBallNotFieldable,nan,nan,nan
Neutral Count,Fastball,Undefined,Undefined,BallCalled,nan,nan,nan
Neutral Count,Fastball,Undefined,Undefined,BallCalled,nan,nan,nan
Neutral Count,Fastball,Undefined,Undefined,BallCalled,nan,nan,nan
Neutral Count,Fastball,Undefined,Undefined,BallCalled,nan,nan,nan
Neutral Count,Slider,Undefined,Undefined,BallCalled,nan,nan,nan
Neutral Count,Slider,Undefined,Undefined,BallCalled,nan,nan,nan
Neutral Count,Fastball,Undefined,Undefined,BallCalled,nan,nan,nan
Neutral Count,Fastball,Undefined,Undefined,BallCalled,nan,nan,nan
Neutral Count,Curveball,Undefined,Undefined,BallCalled,nan,nan,nan
Neutral Count,Curveball,Undefined,Undefined,BallCalled,nan,nan,nan
Neutral Count,Slider,Out,LineDrive,InPlay,25.113325,13.212199,341.75475
Neutral Count,Slider,Out,LineDrive,InPlay,25.113325,13.212199,341.75475
Neutral Count,Cutter,Undefined,Undefined,BallCalled,nan,nan,nan
Neutral Count,Cutter,Undefined,Undefined,BallCalled,nan,nan,nan
Neutral Count,Fastball,Undefined,Undefined,FoulBallNotFieldable,nan,nan,nan
Neutral Count,Fastball,Undefined,Undefined,FoulBallNotFieldable,nan,nan,nan
Neutral Count,Fastball,Undefined,Undefined,BallCalled,nan,nan,nan
Neutral Count,Fastball,Undefined,Undefined,BallCalled,nan,nan,nan
Neutral Count,Slider,Undefined,Undefined,FoulBallNotFieldable,nan,nan,nan
Neutral Count,Slider,Undefined,Undefined,FoulBallNotFieldable,nan,nan,nan
Neutral Count,Slider,Undefined,Undefined,BallCalled,nan,nan,nan
Neutral Count,Slider,Undefined,Undefined,BallCalled,nan,nan,nan
Neutral Count,Fastball,Undefined,Undefined,BallCalled,nan,nan,nan
Neutral Count,Fastball,Undefined,Undefined,BallCalled,nan,nan,nan
Neutral Count,Fastball,Undefined,Undefined,StrikeCalled,nan,nan,nan
Neutral Count,Fastball,Undefined,Undefined,StrikeCalled,nan,nan,nan
Neutral Count,Sinker,Undefined,Undefined,BallCalled,nan,nan,nan
Neutral Count,Sinker,Undefined,Undefined,BallCalled,nan,nan,nan
Neutral Count,Fastball,Undefined,Undefined,StrikeCalled,nan,nan,nan
Neutral Count,Fastball,Undefined,Undefined,StrikeCalled,nan,nan,nan
Neutral Count,Fastball,Undefined,Undefined,StrikeCalled,nan,nan,nan
Neutral Count,Fastball,Undefined,Undefined,StrikeCalled,nan,nan,nan
Neutral Count,,,,,nan,nan,nan
Neutral Count,,,,,nan,nan,nan
Neutral Count,,,,,nan,nan,nan
Neutral Count,,,,,nan,nan,nan
Neutral Count,,,,,nan,nan,nan
Neutral Count,,,,,nan,nan,nan
Pitcher's Count,Curveball,Out,GroundBall,InPlay,-18.385955,-21.31345,5.33365
Pitcher's Count,Curveball,Out,GroundBall,InPlay,-18.385955,-21.31345,5.33365
Pitcher's Count,Slider,Out,GroundBall,InPlay,nan,nan,nan
Pitcher's Count,Slider,Out,GroundBall,InPlay,nan,nan,nan
Pitcher's Count,Slider,Undefined,Undefined,StrikeSwinging,nan,nan,nan
Pitcher's Count,Slider,Undefined,Undefined,StrikeSwinging,nan,nan,nan
Pitcher's Count,ChangeUp,Undefined,Undefined,FoulBallNotFieldable,37.149886,61.431252,217.12255
Pitcher's Count,ChangeUp,Undefined,Undefined,FoulBallNotFieldable,37.149886,61.431252,217.12255
Pitcher's Count,Fastball,Undefined,Undefined,FoulBallNotFieldable,nan,nan,nan
Pitcher's Count,Fastball,Undefined,Undefined,FoulBallNotFieldable,nan,nan,nan
Pitcher's Count,Slider,Undefined,Undefined,FoulBallNotFieldable,38.722631,165.27103,nan
Pitcher's Count,Slider,Undefined,Undefined,FoulBallNotFieldable,38.722631,165.27103,nan
Pitcher's Count,Fastball,HomeRun,FlyBall,InPlay,26.906398,2.192136,427.63012
Pitcher's Count,Fastball,HomeRun,FlyBall,InPlay,26.906398,2.192136,427.63012
Pitcher's Count,Fastball,Undefined,Undefined,StrikeCalled,nan,nan,nan
Pitcher's Count,Fastball,Undefined,Undefined,StrikeCalled,nan,nan,nan
Pitcher's Count,Slider,Undefined,Undefined,BallCalled,nan,nan,nan
Pitcher's Count,Slider,Undefined,Undefined,BallCalled,nan,nan,nan
Pitcher's Count,Fastball,Single,LineDrive,InPlay,12.722509,-20.077304,283.35727
Pitcher's Count,Fastball,Single,LineDrive,InPlay,12.722509,-20.077304,283.35727
Pitcher's Count,Slider,Undefined,Undefined,BallCalled,nan,nan,nan
Pitcher's Count,Slider,Undefined,Undefined,BallCalled,nan,nan,nan
Pitcher's Count,Slider,Undefined,Undefined,BallCalled,nan,nan,nan
Pitcher's Count,Slider,Undefined,Undefined,BallCalled,nan,nan,nan
Pitcher's Count,Sinker,Undefined,Undefined,BallCalled,nan,nan,nan
Pitcher's Count,Sinker,Undefined,Undefined,BallCalled,nan,nan,nan
Pitcher's Count,Sinker,Undefined,Undefined,BallCalled,nan,nan,nan
Pitcher's Count,Sinker,Undefined,Undefined,BallCalled,nan,nan,nan
Pitcher's Count,Fastball,Undefined,Undefined,BallCalled,nan,nan,nan
Pitcher's Count,Fastball,Undefined,Undefined,BallCalled,nan,nan,nan
Pitcher's Count,Curveball,HomeRun,FlyBall,InPlay,30.511815,-24.742441,427.53962
Pitcher's Count,Curveball,HomeRun,FlyBall,InPlay,30.511815,-24.742441,427.53962
Pitcher's Count,Slider,Single,LineDrive,InPlay,18.258283,-28.868481,285.26713
Pitcher's Count,Slider,Single,LineDrive,InPlay,18.258283,-28.868481,285.26713
Pitcher's Count,Slider,Single,GroundBall,InPlay,-2.227883,-3.108514,36.7328
Pitcher's Count,Slider,Single,GroundBall,InPlay,-2.227883,-3.108514,36.7328
Pitcher's Count,Slider,Undefined,Undefined,BallCalled,nan,nan,nan
Pitcher's Count,Slider,Undefined,Undefined,BallCalled,nan,nan,nan
Pitcher's Count,Cutter,Undefined,Undefined,BallCalled,nan,nan,nan
Pitcher's Count,Cutter,Undefined,Undefined,BallCalled,nan,nan,nan
Pitcher's Count,Fastball,Undefined,Undefined,BallCalled,nan,nan,nan
Pitcher's Count,Fastball,Undefined,Undefined,BallCalled,nan,nan,nan
Pitcher's Count,Fastball,Undefined,Undefined,FoulBallNotFieldable,39.769024,166.727864,nan
Pitcher's Count,Fastball,Undefined,Undefined,FoulBallNotFieldable,39.769024,166.727864,nan
Pitcher's Count,Curveball,Undefined,Undefined,StrikeCalled,nan,nan,nan
Pitcher's Count,Curveball,Undefined,Undefined,StrikeCalled,nan,nan,nan
Pitcher's Count,Slider,Undefined,Undefined,BallCalled,nan,nan,nan
Pitcher's Count,Slider,Undefined,Undefined,BallCalled,nan,nan,nan
Pitcher's Count,Slider,Single,GroundBall,InPlay,-6.849058,-5.035543,15.74348
Pitcher's Count,Slider,Single,GroundBall,InPlay,-6.849058,-5.035543,15.74348
Pitcher's Count,ChangeUp,Undefined,Undefined,FoulBallNotFieldable,-7.656464,-75.650618,15.40965
Pitcher's Count,ChangeUp,Undefined,Undefined,FoulBallNotFieldable,-7.656464,-75.650618,15.40965
Pitcher's Count,Slider,Undefined,Undefined,BallCalled,nan,nan,nan
Pitcher's Count,Slider,Undefined,Undefined,BallCalled,nan,nan,nan
Pitcher's Count,ChangeUp,Undefined,Undefined,StrikeSwinging,nan,nan,nan
Pitcher's Count,ChangeUp,Undefined,Undefined,StrikeSwinging,nan,nan,nan
Pitcher's Count,Slider,Undefined,Undefined,StrikeCalled,nan,nan,nan
Pitcher's Count,Slider,Undefined,Undefined,StrikeCalled,nan,nan,nan
Pitcher's Count,Curveball,Undefined,Undefined,BallCalled,nan,nan,nan
Pitcher's Count,Curveball,Undefined,Undefined,BallCalled,nan,nan,nan
Pitcher's Count,Curveball,Undefined,Undefined,BallCalled,nan,nan,nan
Pitcher's Count,Curveball,Undefined,Undefined,BallCalled,nan,nan,nan
Hitter's Count,Fastball,Undefined,Undefined,BallCalled,nan,nan,nan
Hitter's Count,Fastball,Undefined,Undefined,BallCalled,nan,nan,nan
Hitter's Count,Fastball,Undefined,Undefined,BallCalled,nan,nan,nan
Hitter's Count,Fastball,Undefined,Undefined,BallCalled,nan,nan,nan
Hitter's Count,Fastball,Undefined,Undefined,StrikeCalled,nan,nan,nan
Hitter's Count,Fastball,Undefined,Undefined,StrikeCalled,nan,nan,nan
Hitter's Count,Fastball,Single,GroundBall,InPlay,6.41766,7.086193,136.40016
Hitter's Count,Fastball,Single,GroundBall,InPlay,6.41766,7.086193,136.40016
Hitter's Count,Fastball,Undefined,Undefined,FoulBallNotFieldable,62.872808,77.71044,nan
Hitter's Count,Fastball,Undefined,Undefined,FoulBallNotFieldable,62.872808,77.71044,nan
Hitter's Count,Slider,Undefined,Undefined,StrikeCalled,nan,nan,nan
Hitter's Count,Slider,Undefined,Undefined,StrikeCalled,nan,nan,nan
Hitter's Count,ChangeUp,Undefined,Undefined,BallCalled,nan,nan,nan
Hitter's Count,ChangeUp,Undefined,Undefined,BallCalled,nan,nan,nan
Hitter's Count,Fastball,Undefined,Undefined,StrikeCalled,nan,nan,nan
Hitter's Count,Fastball,Undefined,Undefined,StrikeCalled,nan,nan,nan
Hitter's Count,Fastball,Undefined,Undefined,BallCalled,nan,nan,nan
Hitter's Count,Fastball,Undefined,Undefined,BallCalled,nan,nan,nan
Hitter's Count,Slider,Undefined,Undefined,FoulBallNotFieldable,nan,nan,nan
Hitter's Count,Slider,Undefined,Undefined,FoulBallNotFieldable,nan,nan,nan
Hitter's Count,Fastball,Undefined,Undefined,BallCalled,nan,nan,nan
Hitter's Count,Fastball,Undefined,Undefined,BallCalled,nan,nan,nan
Hitter's Count,Fastball,Undefined,Undefined,BallCalled,nan,nan,nan
Hitter's Count,Fastball,Undefined,Undefined,BallCalled,nan,nan,nan
Hitter's Count,Sinker,Out,GroundBall,InPlay,-7.022008,4.67719,11.64526
Hitter's Count,Sinker,Out,GroundBall,InPlay,-7.022008,4.67719,11.64526
Hitter's Count,Sinker,Undefined,Undefined,FoulBallNotFieldable,35.282533,161.573359,nan
Hitter's Count,Sinker,Undefined,Undefined,FoulBallNotFieldable,35.282533,161.573359,nan
Hitter's Count,Fastball,Undefined,Undefined,StrikeSwinging,nan,nan,nan
Hitter's Count,Fastball,Undefined,Undefined,StrikeSwinging,nan,nan,nan
Hitter's Count,Fastball,Undefined,Undefined,BallCalled,nan,nan,nan
Hitter's Count,Fastball,Undefined,Undefined,BallCalled,nan,nan,nan
Hitter's Count,Fastball,Undefined,Undefined,FoulBallNotFieldable,60.437063,87.320722,nan
Hitter's Count,Fastball,Undefined,Undefined,FoulBallNotFieldable,60.437063,87.320722,nan
Hitter's Count,Sinker,Undefined,Undefined,BallCalled,nan,nan,nan
Hitter's Count,Sinker,Undefined,Undefined,BallCalled,nan,nan,nan
Hitter's Count,Sinker,Out,LineDrive,InPlay,15.086581,-0.18962,294.8359
Hitter's Count,Sinker,Out,LineDrive,InPlay,15.086581,-0.18962,294.8359
Hitter's Count,Sinker,Undefined,Undefined,BallCalled,nan,nan,nan
Hitter's Count,Sinker,Undefined,Undefined,BallCalled,nan,nan,nan
Hitter's Count,Sinker,Undefined,Undefined,StrikeCalled,nan,nan,nan
Hitter's Count,Sinker,Undefined,Undefined,StrikeCalled,nan,nan,nan
Hitter's Count,Sinker,Out,GroundBall,InPlay,-2.849359,-14.035957,22.46751
Hitter's Count,Sinker,Out,GroundBall,InPlay,-2.849359,-14.035957,22.46751
Hitter's Count,Sinker,Undefined,Undefined,FoulBallNotFieldable,61.985013,126.851201,nan
Hitter's Count,Sinker,Undefined,Undefined,FoulBallNotFieldable,61.985013,126.851201,nan
Hitter's Count,Fastball,Undefined,Undefined,BallCalled,nan,nan,nan
Hitter's Count,Fastball,Undefined,Undefined,BallCalled,nan,nan,nan
Hitter's Count,Fastball,Out,Popup,InPlay,62.569429,15.419469,nan
Hitter's Count,Fastball,Out,Popup,InPlay,62.569429,15.419469,nan
Hitter's Count,Fastball,Out,GroundBall,InPlay,nan,nan,nan
Hitter's Count,Fastball,Out,GroundBall,InPlay,nan,nan,nan
Hitter's Count,Slider,Undefined,Undefined,StrikeCalled,nan,nan,nan
Hitter's Count,Slider,Undefined,Undefined,StrikeCalled,nan,nan,nan
Hitter's Count,Slider,Undefined,Undefined,StrikeCalled,nan,nan,nan
Hitter's Count,Slider,Undefined,Undefined,StrikeCalled,nan,nan,nan
Hitter's Count,Slider,Undefined,Undefined,StrikeCalled,nan,nan,nan
Hitter's Count,Slider,Undefined,Undefined,StrikeCalled,nan,nan,nan
Hitter's Count,ChangeUp,Undefined,Undefined,BallCalled,nan,nan,nan
Hitter's Count,ChangeUp,Undefined,Undefined,BallCalled,nan,nan,nan
Hitter's Count,Fastball,Undefined,Undefined,StrikeCalled,nan,nan,nan
Hitter's Count,Fastball,Undefined,Undefined,StrikeCalled,nan,nan,nan
Hitter's Count,Sinker,Undefined,Undefined,BallCalled,nan,nan,nan
Hitter's Count,Sinker,Undefined,Undefined,BallCalled,nan,nan,nan
Hitter's Count,Sinker,Undefined,Undefined,StrikeCalled,nan,nan,nan
Hitter's Count,Sinker,Undefined,Undefined,StrikeCalled,nan,nan,nan
Hitter's Count,Sinker,Undefined,Undefined,BallCalled,nan,nan,nan
Hitter's Count,Sinker,Undefined,Undefined,BallCalled,nan,nan,nan
Hitter's Count,Sinker,Out,LineDrive,InPlay,17.191498,-14.595218,334.45955
Hitter's Count,Sinker,Out,LineDrive,InPlay,17.191498,-14.595218,334.45955
Hitter's Count,Sinker,Out,GroundBall,InPlay,-13.057653,11.901112,7.92667
Hitter's Count,Sinker,Out,GroundBall,InPlay,-13.057653,11.901112,7.92667
Hitter's Count,ChangeUp,Undefined,Undefined,BallCalled,nan,nan,nan
Hitter's Count,ChangeUp,Undefined,Undefined,BallCalled,nan,nan,nan
Hitter's Count,Fastball,Undefined,Undefined,StrikeCalled,nan,nan,nan
Hitter's Count,Fastball,Undefined,Undefined,StrikeCalled,nan,nan,nan
Hitter's Count,Fastball,Undefined,Undefined,StrikeSwinging,nan,nan,nan
Hitter's Count,Fastball,Undefined,Undefined,StrikeSwinging,nan,nan,nan
Hitter's Count,Fastball,Out,LineDrive,InPlay,18.322016,22.906783,304.86746
Hitter's Count,Fastball,Out,LineDrive,InPlay,18.322016,22.906783,304.86746
Hitter's Count,Fastball,Undefined,Undefined,StrikeSwinging,nan,nan,nan
Hitter's Count,Fastball,Undefined,Undefined,StrikeSwinging,nan,nan,nan
Hitter's Count,Curveball,Undefined,Undefined,FoulBallNotFieldable,62.581275,32.747408,nan
Hitter's Count,Curveball,Undefined,Undefined,FoulBallNotFieldable,62.581275,32.747408,nan
Hitter's Count,Fastball,Undefined,Undefined,StrikeCalled,nan,nan,nan
Hitter's Count,Fastball,Undefined,Undefined,StrikeCalled,nan,nan,nan
Hitter's Count,Fastball,Undefined,Undefined,BallCalled,nan,nan,nan
Hitter's Count,Fastball,Undefined,Undefined,BallCalled,nan,nan,nan
Hitter's Count,Fastball,Undefined,Undefined,BallCalled,nan,nan,nan
Hitter's Count,Fastball,Undefined,Undefined,BallCalled,nan,nan,nan
Hitter's Count,Slider,Undefined,Undefined,BallCalled,nan,nan,nan
Hitter's Count,Slider,Undefined,Undefined,BallCalled,nan,nan,nan
Hitter's Count,Curveball,Undefined,Undefined,StrikeCalled,nan,nan,nan
Hitter's Count,Curveball,Undefined,Undefined,StrikeCalled,nan,nan,nan
Hitter's Count,Slider,Undefined,Undefined,BallCalled,nan,nan,nan
Hitter's Count,Slider,Undefined,Undefined,BallCalled,nan,nan,nan
Hitter's Count,Sinker,Undefined,Undefined,HitByPitch,nan,nan,nan
Hitter's Count,Sinker,Undefined,Undefined,HitByPitch,nan,nan,nan
Full Count,Fastball,Out,Popup,InPlay,32.980962,3.154226,383.24845
Full Count,Fastball,Out,Popup,InPlay,32.980962,3.154226,383.24845
Full Count,Sinker,Undefined,Undefined,FoulBallNotFieldable,34.118563,54.487454,nan
Full Count,Sinker,Undefined,Undefined,FoulBallNotFieldable,34.118563,54.487454,nan
Full Count,Slider,Undefined,Undefined,StrikeSwinging,nan,nan,nan
Full Count,Slider,Undefined,Undefined,StrikeSwinging,nan,nan,nan
Full Count,Fastball,Undefined,Undefined,FoulBallFieldable,56.231876,36.725778,210.12825
Full Count,Fastball,Undefined,Undefined,FoulBallFieldable,56.231876,36.725778,210.12825
Full Count,Curveball,Undefined,Undefined,BallCalled,nan,nan,nan
Full Count,Curveball,Undefined,Undefined,BallCalled,nan,nan,nan
Full Count,Slider,Double,LineDrive,InPlay,18.674736,-17.312827,399.28208
Full Count,Slider,Double,LineDrive,InPlay,18.674736,-17.312827,399.28208
Full Count,ChangeUp,Undefined,Undefined,FoulBallNotFieldable,nan,nan,nan
Full Count,ChangeUp,Undefined,Undefined,FoulBallNotFieldable,nan,nan,nan
Full Count,Fastball,Undefined,Undefined,BallCalled,nan,nan,nan
Full Count,Fastball,Undefined,Undefined,BallCalled,nan,nan,nan
Full Count,Slider,Undefined,Undefined,BallCalled,nan,nan,nan
Full Count,Slider,Undefined,Undefined,BallCalled,nan,nan,nan
Full Count,Slider,Single,GroundBall,InPlay,-2.723317,-3.683551,23.45922
Full Count,Slider,Single,GroundBall,InPlay,-2.723317,-3.683551,23.45922
Full Count,Curveball,Undefined,Undefined,FoulBallNotFieldable,14.598157,175.418737,112.92815
Full Count,Curveball,Undefined,Undefined,FoulBallNotFieldable,14.598157,175.418737,112.92815
Full Count,Fastball,Undefined,Undefined,StrikeCalled,nan,nan,nan
Full Count,Fastball,Undefined,Undefined,StrikeCalled,nan,nan,nan
