PA,PitchofPA,Pitcher,Strikes,Balls,KorBB,TaggedPitchType,PlayResult,RunsScored,VertRelAngle,HorzRelAngle,SpinRate,SpinAxis,Tilt,RelHeight,RelSide,Extension,VertBreak,InducedVertBreak,HorzBreak,PlateLocHeight,PlateLocSide,ExitSpeed,RelSpeed,PreviousPitch,called_strike,ooz,Angle,Direction,Distance,PitchCall,TaggedHitType,k,bb,bbspin,pitches,zone,izswing,izmiss,AVG,OBP,SLG,swing,whiff,StadiumID,2B,3B,HR,chase,OutsOnPlay,GameID,BatterSide,PitcherThrows,PositionAt110X,PositionAt110Y,PositionAt110Z,is_single,is_double,is_triple,is_home_run,CountType,pitch_category
1.0,1,"Berg, Jack",0.0,0.0,Undefined,Sinker,Undefined,0.0,-1.009048,4.952183,1837.741659,302.733792,10:00,5.75661,-2.81624,4.98134,-23.68139,9.40792,-13.12497,2.82656,0.77847,,93.32017,,0,0,,,,BallCalled,Undefined,,,,1,1.0,,,,,,,,140.0,0,0,0,,0.0,20240913-UArizona-Private-2,Right,Left,,,,False,False,False,False,0-0 Count,2
,2,"Berg, Jack",0.0,1.0,Undefined,Sinker,Undefined,0.0,-1.092827,3.123616,1789.164084,309.056219,10:15,5.78729,-3.15271,4.47266,-22.98289,10.01457,-11.22544,2.82862,-1.10757,,93.90239,Sinker,0,1,,,,FoulBallNotFieldable,Undefined,,,,1,,,,,,,,,140.0,0,0,0,,0.0,20240913-UArizona-Private-2,Right,Left,,,,False,False,False,False,Neutral Count,2
,3,"Berg, Jack",1.0,1.0,Undefined,ChangeUp,Undefined,0.0,-1.166747,3.509544,1493.758325,309.941658,10:15,5.62785,-2.95151,4.94973,-30.85584,9.88575,-10.37292,1.9518,-0.49546,,84.05456,Sinker,0,0,,,,StrikeSwinging,Undefined,,,,1,1.0,1.0,1.0,,,,1.0,1.0,140.0,0,0,0,,0.0,20240913-UArizona-Private-2,Right,Left,,,,False,False,False,False,Neutral Count,0
,4,"Berg, Jack",2.0,1.0,Strikeout,ChangeUp,Undefined,0.0,-0.700975,2.218828,1371.6081,287.468406,9:30,5.66646,-2.9401,5.03365,-34.86561,5.25114,-12.55784,2.09911,-1.89213,,84.92517,ChangeUp,0,1,,,,StrikeSwinging,Undefined,1.0,,,1,,,,0.0,0.0,0.0,1.0,1.0,140.0,0,0,0,1.0,0.0,20240913-UArizona-Private-2,Right,Left,,,,False,False,False,False,Pitcher's Count,0
1.0,1,"Berg, Jack",0.0,0.0,Undefined,Slider,Undefined,0.0,-0.993593,1.538267,2409.048403,62.962619,2:00,5.51809,-2.89392,4.67302,-39.30341,2.89713,3.54567,1.29869,-1.1371,,82.52094,,0,1,,,,BallCalled,Undefined,,,,1,,,,,,,,,140.0,0,0,0,,0.0,20240913-UArizona-Private-2,Right,Left,,,,False,False,False,False,0-0 Count,3
,2,"Berg, Jack",0.0,1.0,Undefined,Slider,Undefined,0.0,-1.743413,0.948128,2409.139153,,,5.72701,-2.7493,4.58879,,,,1.46635,-0.92939,,82.88032,Slider,1,1,,,,StrikeCalled,Undefined,,,,1,,,,,,,,,140.0,0,0,0,,0.0,20240913-UArizona-Private-2,Right,Left,,,,False,False,False,False,Neutral Count,3
,3,"Berg, Jack",0.0,1.0,Undefined,Sinker,Undefined,0.0,-1.055471,2.997094,1890.853044,295.354953,9:45,5.72115,-3.01193,4.78712,-25.10379,7.90937,-14.7208,2.62734,-1.39549,,93.44923,Slider,1,1,,,,StrikeCalled,Undefined,,,,1,,,,,,,,,140.0,0,0,0,,0.0,20240913-UArizona-Private-2,Right,Left,,,,False,False,False,False,Neutral Count,2
,4,"Berg, Jack",1.0,1.0,Undefined,Sinker,Single,0.0,-1.574725,3.891686,1783.767114,293.031043,9:45,5.70627,-3.2938,4.93695,-25.28564,7.11138,-14.60296,2.10695,-0.82677,95.61444,94.08488,Sinker,0,0,7.985525,19.140475,168.87207,InPlay,GroundBall,,,2290.25468,1,1.0,1.0,,1.0,1.0,1.0,1.0,,140.0,0,0,0,,0.0,20240913-UArizona-Private-2,Right,Left,101.58051,7.4556,42.20594,True,False,False,False,Neutral Count,2
1.0,1,"Berg, Jack",0.0,0.0,Undefined,ChangeUp,Undefined,0.0,-0.578922,0.989217,1311.125909,279.126146,9:15,5.71981,-3.12506,4.75033,-41.78451,2.87622,-10.0667,1.68861,-3.02567,,80.36414,,0,1,,,,BallCalled,Undefined,,,,1,,,,,,,,,140.0,0,0,0,,0.0,20240913-UArizona-Private-2,Right,Left,,,,False,False,False,False,0-0 Count,0
,2,"Berg, Jack",0.0,1.0,Undefined,Sinker,Out,0.0,-1.29515,3.846043,1676.988176,299.561401,10:00,5.74034,-3.11382,4.87053,-24.92801,7.96347,-12.39123,2.43441,-0.50135,99.63271,93.56986,ChangeUp,0,0,33.840765,16.599526,337.715,InPlay,FlyBall,,,4039.95954,1,1.0,1.0,,0.0,0.0,0.0,1.0,,140.0,0,0,0,,0.0,20240913-UArizona-Private-2,Right,Left,102.8646,68.47885,38.97259,False,False,False,False,Neutral Count,2
1.0,1,"Berg, Jack",0.0,0.0,Undefined,Slider,Undefined,0.0,-0.892626,2.040601,2168.294975,48.267133,1:30,5.33628,-2.80111,4.61675,-40.81955,3.10146,2.11307,1.08538,-0.6841,,81.2355,,0,1,,,,BallCalled,Undefined,,,,1,,,,,,,,,140.0,0,0,0,,0.0,20240913-UArizona-Private-2,Left,Left,,,,False,False,False,False,0-0 Count,3
,2,"Berg, Jack",0.0,1.0,Undefined,Sinker,Single,0.0,-1.014114,4.142984,1919.807865,297.567838,10:00,5.55244,-2.97,4.9193,-25.5434,7.81276,-13.23095,2.4624,-0.14867,82.8306,92.65578,Slider,0,0,-0.41065,31.920587,40.57853,InPlay,GroundBall,,,2888.702652,1,1.0,1.0,,1.0,1.0,1.0,1.0,,140.0,0,0,0,,0.0,20240913-UArizona-Private-2,Left,Left,,,,True,False,False,False,Neutral Count,2
1.0,1,"Berg, Jack",0.0,0.0,Undefined,ChangeUp,Undefined,0.0,-1.473764,4.424989,1537.220579,284.169123,9:30,5.4815,-2.86032,4.94041,-36.22065,4.43036,-13.11847,1.06579,0.23687,,83.99603,,0,1,,,,StrikeSwinging,Undefined,,,,1,,,,,,,1.0,1.0,140.0,0,0,0,1.0,0.0,20240913-UArizona-Private-2,Right,Left,,,,False,False,False,False,0-0 Count,0
,2,"Berg, Jack",1.0,0.0,Undefined,ChangeUp,Undefined,1.0,-2.836285,3.435767,1482.877593,297.947263,10:00,5.53713,-2.69988,4.80929,-34.54061,8.63709,-13.97906,-0.03536,-0.60588,,81.74484,ChangeUp,0,1,,,,StrikeSwinging,Undefined,,,,1,,,,,,,1.0,1.0,140.0,0,0,0,1.0,0.0,20240913-UArizona-Private-2,Right,Left,,,,False,False,False,False,Neutral Count,0
,3,"Berg, Jack",2.0,0.0,Undefined,ChangeUp,Undefined,0.0,-1.373184,4.520327,1657.763242,301.096103,10:00,5.54529,-2.87148,4.98571,-30.50258,8.89323,-13.0193,1.7024,0.32105,,85.08184,ChangeUp,0,0,,,,BallCalled,Undefined,,,,1,1.0,,,,,,,,140.0,0,0,0,,0.0,20240913-UArizona-Private-2,Right,Left,,,,False,False,False,False,Pitcher's Count,0
,4,"Berg, Jack",2.0,1.0,Undefined,Sinker,Undefined,0.0,-0.460499,3.528575,1906.03857,301.899453,10:00,5.71179,-2.88867,4.87011,-22.56777,9.25847,-13.45564,3.39452,-0.66656,,94.98226,ChangeUp,0,0,,,,FoulBallNotFieldable,Undefined,,,,1,1.0,,,,,,,,140.0,0,0,0,,0.0,20240913-UArizona-Private-2,Right,Left,,,,False,False,False,False,Pitcher's Count,2
,5,"Berg, Jack",2.0,1.0,Undefined,ChangeUp,Undefined,0.0,-1.539459,3.130218,1525.057164,276.32313,9:15,5.56149,-2.8614,4.85014,-37.56848,2.61528,-12.60091,0.97089,-0.94522,,84.93452,Sinker,0,1,,,,FoulBallNotFieldable,Undefined,,,,1,,,,,,,,,140.0,0,0,0,,0.0,20240913-UArizona-Private-2,Right,Left,,,,False,False,False,False,Pitcher's Count,0
,6,"Berg, Jack",2.0,1.0,Strikeout,Slider,Undefined,0.0,-1.746718,2.540783,2160.386161,286.898575,9:30,5.45039,-3.27823,5.00802,-38.94553,1.91547,-2.50465,0.55404,-1.08708,,83.73115,ChangeUp,0,1,,,,StrikeSwinging,Undefined,1.0,,,1,,,,0.0,0.0,0.0,1.0,1.0,140.0,0,0,0,1.0,1.0,20240913-UArizona-Private-2,Right,Left,,,,False,False,False,False,Pitcher's Count,3
1.0,1,"Berg, Jack",0.0,0.0,Undefined,Sinker,Undefined,0.0,-0.494064,4.309115,1665.560593,284.841858,9:30,5.63918,-2.84961,4.78394,-29.94344,4.72296,-13.70851,2.67427,0.10005,81.23674,91.76533,,0,0,11.913404,156.464286,,FoulBallNotFieldable,Undefined,,,1379.711634,1,1.0,,,,,,,,140.0,0,0,0,,0.0,20240920-UArizona-Private-1,Right,Left,,,,False,False,False,False,0-0 Count,2
,2,"Berg, Jack",1.0,0.0,Undefined,Sinker,Undefined,0.0,-2.30328,4.763035,1810.849772,280.51302,9:15,5.73823,-2.94963,5.20319,-28.25045,4.43185,-18.0004,1.20908,0.04039,,94.13707,Sinker,0,1,,,,FoulBallNotFieldable,Undefined,,,,1,,,,,,,,,140.0,0,0,0,,0.0,20240920-UArizona-Private-1,Right,Left,,,,False,False,False,False,Neutral Count,2
,3,"Berg, Jack",2.0,0.0,Undefined,ChangeUp,Undefined,0.0,0.870681,1.336417,1398.329837,244.221303,8:15,5.51208,-2.9307,4.89608,-47.63546,-5.07181,-13.24398,2.36631,-2.77006,,82.52718,Sinker,0,1,,,,BallCalled,Undefined,,,,1,,,,,,,,,140.0,0,0,0,,0.0,20240920-UArizona-Private-1,Right,Left,,,,False,False,False,False,Pitcher's Count,0
,4,"Berg, Jack",2.0,1.0,Undefined,ChangeUp,Undefined,0.0,-0.546396,6.558262,1488.813087,276.346623,9:15,5.55092,-2.78013,5.34397,-37.51478,3.21492,-17.1478,1.90875,1.96992,,84.08521,ChangeUp,0,1,,,,BallCalled,Undefined,,,,1,,,,,,,,,140.0,0,0,0,,0.0,20240920-UArizona-Private-1,Right,Left,,,,False,False,False,False,Pitcher's Count,0
,5,"Berg, Jack",2.0,2.0,Strikeout,Slider,Undefined,0.0,-1.400101,3.097047,2358.522199,84.712073,2:45,5.41672,-2.8253,4.8756,-41.18738,1.76854,5.92414,0.65741,0.60177,,81.96847,ChangeUp,0,1,,,,StrikeSwinging,Undefined,1.0,,,1,,,,0.0,0.0,0.0,1.0,1.0,140.0,0,0,0,1.0,0.0,20240920-UArizona-Private-1,Right,Left,,,,False,False,False,False,Pitcher's Count,3
1.0,1,"Berg, Jack",0.0,0.0,Undefined,Sinker,Undefined,0.0,-1.551645,6.464528,1841.588402,298.833393,10:00,5.60387,-2.8844,5.35668,-23.50131,8.91288,-14.42485,2.18057,2.00205,,93.92024,,0,1,,,,BallCalled,Undefined,,,,1,,,,,,,,,140.0,0,0,0,,0.0,20240920-UArizona-Private-1,Left,Left,,,,False,False,False,False,0-0 Count,2
,2,"Berg, Jack",0.0,1.0,Undefined,Sinker,Single,0.0,-1.129382,3.966602,1866.132679,286.476248,9:30,5.60844,-2.96949,4.9966,-27.99726,5.87122,-16.31946,2.20636,-0.5785,98.19232,92.34358,Sinker,0,0,-1.712896,10.652007,33.51859,InPlay,GroundBall,,,1171.47605,1,1.0,1.0,,1.0,1.0,1.0,1.0,,140.0,0,0,0,,0.0,20240920-UArizona-Private-1,Left,Left,,,,True,False,False,False,Neutral Count,2
1.0,1,"Berg, Jack",0.0,0.0,Undefined,ChangeUp,Undefined,0.0,-1.681262,4.253712,1522.878163,263.269404,8:45,5.55906,-2.86584,5.12947,-43.19857,-0.49165,-15.67926,0.37093,-0.15892,,82.24353,,0,1,,,,BallCalled,Undefined,,,,1,,,,,,,,,140.0,0,0,0,,0.0,20240920-UArizona-Private-1,Right,Left,,,,False,False,False,False,0-0 Count,0
,2,"Berg, Jack",0.0,1.0,Undefined,Fastball,Undefined,0.0,-0.219444,4.053113,2002.768636,298.757476,10:00,5.67565,-2.9573,5.02812,-22.67734,10.65087,-17.58174,3.57829,-0.59165,,92.90178,ChangeUp,1,0,,,,StrikeCalled,Undefined,,,,1,1.0,,,,,,,,140.0,0,0,0,,0.0,20240920-UArizona-Private-1,Right,Left,,,,False,False,False,False,Neutral Count,1
,3,"Berg, Jack",1.0,1.0,Undefined,Fastball,Out,0.0,-1.718797,3.70399,1962.911098,302.48928,10:00,5.60448,-3.0193,5.41009,-21.103,11.78493,-16.80505,2.2317,-0.94459,88.8534,93.26416,Fastball,0,1,21.656351,28.594619,276.82075,InPlay,LineDrive,,,3094.766654,1,,,,0.0,0.0,0.0,1.0,,140.0,0,0,0,1.0,1.0,20240920-UArizona-Private-1,Right,Left,92.47072,32.60394,59.5741,False,False,False,False,Neutral Count,1
1.0,1,"Berg, Jack",0.0,0.0,Undefined,Sinker,Out,0.0,-0.864867,4.987694,1988.891056,294.764293,9:45,5.70801,-3.12138,5.05013,-24.28045,8.78985,-16.83643,2.86574,0.19183,105.42326,93.44078,,0,0,19.762292,-11.958665,361.88743,InPlay,LineDrive,,,2902.911808,1,1.0,1.0,,0.0,0.0,0.0,1.0,,140.0,0,0,0,,1.0,20240920-UArizona-Private-1,Left,Left,106.02015,36.17905,-29.31912,False,False,False,False,0-0 Count,2
1.0,1,"Berg, Jack",0.0,0.0,Undefined,ChangeUp,Undefined,0.0,0.672701,3.054814,1571.061019,259.426266,8:45,5.57593,-2.95519,4.85141,-44.65243,-1.36811,-14.33418,2.49265,-1.25511,,81.80706,,1,1,,,,StrikeCalled,Undefined,,,,1,,,,,,,,,140.0,0,0,0,,0.0,20240920-UArizona-Private-1,Right,Left,,,,False,False,False,False,0-0 Count,0
,2,"Berg, Jack",1.0,0.0,Undefined,Slider,Undefined,0.0,0.856658,2.914784,2338.597337,81.141071,2:45,5.45195,-3.2082,4.78795,-40.69951,2.05768,4.93461,2.87335,-0.03208,,82.48536,ChangeUp,0,0,,,,StrikeSwinging,Undefined,,,,1,1.0,1.0,1.0,,,,1.0,1.0,140.0,0,0,0,,0.0,20240920-UArizona-Private-1,Right,Left,,,,False,False,False,False,Neutral Count,3
,3,"Berg, Jack",2.0,0.0,Strikeout,Slider,Undefined,0.0,-1.332128,3.143056,2467.007474,105.576901,3:30,5.4864,-3.10695,4.87283,-41.25648,0.14433,3.68449,0.78567,0.17729,,83.47967,Slider,0,1,,,,StrikeSwinging,Undefined,1.0,,,1,,,,0.0,0.0,0.0,1.0,1.0,140.0,0,0,0,1.0,0.0,20240920-UArizona-Private-1,Right,Left,,,,False,False,False,False,Pitcher's Count,3
1.0,1,"Berg, Jack",0.0,0.0,Undefined,Slider,Undefined,0.0,-0.549225,4.408319,2311.654898,101.176035,3:15,5.47125,-3.06108,5.11783,-41.61971,0.66047,2.59791,1.48402,1.31628,,82.26018,,0,1,,,,BallCalled,Undefined,,,,1,,,,,,,,,140.0,0,0,0,,0.0,20240920-UArizona-Private-1,Left,Left,,,,False,False,False,False,0-0 Count,3
,2,"Berg, Jack",0.0,1.0,Undefined,Fastball,Undefined,0.0,-1.979184,2.863009,2013.654376,307.070956,10:15,5.65413,-3.04153,4.75352,-20.81674,12.15072,-14.74509,2.03933,-1.55285,,93.9162,Slider,0,1,,,,FoulBallNotFieldable,Undefined,,,,1,,,,,,,,,140.0,0,0,0,,0.0,20240920-UArizona-Private-1,Left,Left,,,,False,False,False,False,Neutral Count,1
,3,"Berg, Jack",1.0,1.0,Undefined,Slider,Undefined,0.0,-1.267596,2.450332,2399.580088,93.328974,3:00,5.50986,-3.05633,4.72557,-42.38282,1.05532,4.55571,0.7739,-0.35027,,81.9369,Fastball,0,1,,,,StrikeSwinging,Undefined,,,,1,,,,,,,1.0,1.0,140.0,0,0,0,1.0,0.0,20240920-UArizona-Private-1,Left,Left,,,,False,False,False,False,Neutral Count,3
,4,"Berg, Jack",2.0,1.0,Undefined,ChangeUp,Undefined,0.0,-1.381279,6.078742,1619.622876,269.227511,9:00,5.55059,-2.88618,5.4134,-39.98057,1.20465,-17.9795,0.91726,1.33184,,83.88349,Slider,0,1,,,,BallCalled,Undefined,,,,1,,,,,,,,,140.0,0,0,0,,0.0,20240920-UArizona-Private-1,Left,Left,,,,False,False,False,False,Pitcher's Count,0
,5,"Berg, Jack",2.0,2.0,Undefined,ChangeUp,Undefined,0.0,-1.298001,4.815464,1654.598615,255.261795,8:30,5.46036,-3.0346,5.22316,-45.32215,-2.09205,-13.53926,0.45865,0.37516,,81.94774,ChangeUp,0,1,,,,BallCalled,Undefined,,,,1,,,,,,,,,140.0,0,0,0,,0.0,20240920-UArizona-Private-1,Left,Left,,,,False,False,False,False,Pitcher's Count,0
,6,"Berg, Jack",2.0,3.0,Walk,Sinker,Undefined,0.0,-1.187011,5.761363,2004.962639,293.607811,9:45,5.60329,-2.86421,5.64874,-25.60474,7.43111,-14.62828,2.35662,1.3088,,92.63965,ChangeUp,0,1,,,,BallCalled,Undefined,,1.0,,1,,,,,1.0,,,,140.0,0,0,0,,0.0,20240920-UArizona-Private-1,Left,Left,,,,False,False,False,False,Full Count,2
1.0,1,"Berg, Jack",0.0,0.0,Undefined,ChangeUp,Out,0.0,-0.436949,4.779949,1594.936242,276.435765,9:15,5.47909,-2.94129,5.01807,-38.91266,3.17355,-16.01662,1.82256,0.24554,92.21696,83.08828,,0,0,49.960623,-11.46948,260.59401,InPlay,FlyBall,,,4522.530893,1,1.0,1.0,,0.0,0.0,0.0,1.0,,140.0,0,0,0,,1.0,20240920-UArizona-Private-1,Right,Left,109.1824,121.35136,-13.38657,False,False,False,False,0-0 Count,0
1.0,1,"Berg, Jack",0.0,0.0,Undefined,Slider,Undefined,0.0,1.351662,3.111384,2335.572589,73.376173,2:30,5.48097,-3.0779,4.84058,-39.15278,2.41634,3.92335,3.50018,0.19794,,83.57421,,0,0,,,,BallCalled,Undefined,,,,1,1.0,,,,,,,,140.0,0,0,0,,0.0,20240920-UArizona-Private-1,Right,Left,,,,False,False,False,False,0-0 Count,3
,2,"Berg, Jack",0.0,1.0,Undefined,Slider,Undefined,0.0,-0.51043,4.495489,2387.677316,119.020841,4:00,5.52114,-3.0396,5.14276,-43.44018,-0.51409,3.17732,1.41903,1.4667,,81.79704,Slider,0,1,,,,StrikeSwinging,Undefined,,,,1,,,,,,,1.0,1.0,140.0,0,0,0,1.0,0.0,20240920-UArizona-Private-1,Right,Left,,,,False,False,False,False,Neutral Count,3
,3,"Berg, Jack",1.0,1.0,Undefined,Sinker,Undefined,0.0,0.221525,3.781124,1981.114261,307.372359,10:15,5.7938,-3.10839,4.98511,-20.34741,12.14914,-14.58461,4.30783,-0.74799,,94.31595,Slider,0,1,,,,BallCalled,Undefined,,,,1,,,,,,,,,140.0,0,0,0,,0.0,20240920-UArizona-Private-1,Right,Left,,,,False,False,False,False,Neutral Count,2
,4,"Berg, Jack",1.0,2.0,Undefined,Slider,Undefined,0.0,-0.181137,4.029267,2308.509914,77.23245,2:30,5.26774,-2.96245,4.91751,-43.61766,2.22795,3.68756,1.46125,1.16082,,79.5787,Sinker,0,1,,,,StrikeSwinging,Undefined,,,,1,,,,,,,1.0,1.0,140.0,0,0,0,1.0,0.0,20240920-UArizona-Private-1,Right,Left,,,,False,False,False,False,Hitter's Count,3
,5,"Berg, Jack",2.0,2.0,Undefined,Slider,Undefined,0.0,2.060919,0.933568,2327.250209,116.005592,3:45,5.61771,-2.90834,4.83383,-42.13585,-0.69709,3.82862,4.0591,-1.70515,,83.3929,Slider,0,1,,,,BallCalled,Undefined,,,,1,,,,,,,,,140.0,0,0,0,,0.0,20240920-UArizona-Private-1,Right,Left,,,,False,False,False,False,Pitcher's Count,3
,6,"Berg, Jack",2.0,3.0,Undefined,Sinker,Undefined,0.0,-0.515454,5.072853,1863.430403,300.436651,10:00,5.63033,-3.00438,5.37573,-22.9284,9.79898,-15.0108,3.23448,0.51301,,93.23176,Slider,0,0,,,,FoulBallNotFieldable,Undefined,,,,1,1.0,,,,,,,,140.0,0,0,0,,0.0,20240920-UArizona-Private-1,Right,Left,,,,False,False,False,False,Full Count,2
,7,"Berg, Jack",2.0,3.0,Walk,Slider,Undefined,0.0,-1.672566,3.838773,2343.217627,145.444053,4:45,5.37782,-3.00002,5.06326,-43.67073,-1.02669,1.60945,0.15744,0.75932,,82.35498,Sinker,0,1,,,,BallCalled,Undefined,,1.0,,1,,,,,1.0,,,,140.0,0,0,0,,0.0,20240920-UArizona-Private-1,Right,Left,,,,False,False,False,False,Full Count,3
1.0,1,"Berg, Jack",0.0,0.0,Undefined,ChangeUp,Undefined,0.0,-1.321564,4.723693,1582.058048,262.695809,8:45,5.34841,-2.97546,5.15769,-43.68341,-0.47909,-13.85654,0.45967,0.32639,,81.52673,,0,1,,,,StrikeSwinging,Undefined,,,,1,,,,,,,1.0,1.0,140.0,0,0,0,1.0,0.0,20240920-UArizona-Private-1,Right,Left,,,,False,False,False,False,0-0 Count,0
,2,"Berg, Jack",1.0,0.0,Undefined,Slider,Undefined,0.0,-1.328679,3.814343,2238.391373,145.069008,4:45,5.1919,-2.94533,4.95212,-45.63876,-0.71083,1.52354,0.1302,0.79112,,80.63984,ChangeUp,0,1,,,,BallCalled,Undefined,,,,1,,,,,,,,,140.0,0,0,0,,0.0,20240920-UArizona-Private-1,Right,Left,,,,False,False,False,False,Neutral Count,3
,3,"Berg, Jack",1.0,1.0,Undefined,ChangeUp,Undefined,0.0,-0.699016,1.712233,1550.81086,256.875318,8:30,5.54278,-2.95935,4.84468,-43.59368,-1.89945,-13.66973,1.24784,-2.47691,,83.4261,Slider,0,1,,,,BallCalled,Undefined,,,,1,,,,,,,,,140.0,0,0,0,,0.0,20240920-UArizona-Private-1,Right,Left,,,,False,False,False,False,Neutral Count,0
,4,"Berg, Jack",1.0,2.0,Undefined,Sinker,Out,0.0,-1.246481,4.318293,2111.649081,294.900434,9:45,5.66073,-3.21072,4.60067,-23.93332,9.4491,-18.00477,2.47728,-0.59649,94.65178,93.97315,ChangeUp,0,0,-13.079843,15.838012,12.24613,InPlay,GroundBall,,,,1,1.0,1.0,,0.0,0.0,0.0,1.0,,140.0,0,0,0,,1.0,20240920-UArizona-Private-1,Right,Left,,,,False,False,False,False,Hitter's Count,2
1.0,1,"Berg, Jack",0.0,0.0,Undefined,Fastball,Undefined,0.0,-2.996332,5.272716,2110.8896,330.123405,11:00,5.6255,-2.87194,4.91533,-19.45899,13.96123,-7.43374,1.15613,1.50826,,93.27737,,0,1,,,,BallCalled,Undefined,,,,1,,,,,,,,,140.0,0,0,0,,0.0,20240927-UArizona-Private-1,Left,Left,,,,False,False,False,False,0-0 Count,1
,2,"Berg, Jack",0.0,1.0,Undefined,Fastball,Undefined,0.0,-1.075089,3.313912,2161.209234,327.848503,11:00,5.54966,-3.00174,4.67485,-22.73033,11.40835,-6.57701,2.63259,-0.39896,,92.04324,Fastball,0,0,,,,FoulBallNotFieldable,Undefined,,,,1,1.0,,,,,,,,140.0,0,0,0,,0.0,20240927-UArizona-Private-1,Left,Left,,,,False,False,False,False,Neutral Count,1
,3,"Berg, Jack",1.0,1.0,Undefined,Slider,Undefined,0.0,2.222474,3.3011,2527.200604,116.553849,4:00,5.36852,-3.1331,4.54967,-45.65971,-1.68173,5.42902,3.68374,0.46518,,80.92389,Fastball,0,1,,,,BallCalled,Undefined,,,,1,,,,,,,,,140.0,0,0,0,,0.0,20240927-UArizona-Private-1,Left,Left,,,,False,False,False,False,Neutral Count,3
,4,"Berg, Jack",1.0,2.0,Undefined,Sinker,Undefined,0.0,-1.923283,4.699516,1985.993309,289.756473,9:45,5.55324,-3.1088,4.72657,-27.84612,5.80221,-13.44013,1.40101,0.24028,,92.93819,Slider,0,1,,,,StrikeSwinging,Undefined,,,,1,,,,,,,1.0,1.0,140.0,0,0,0,1.0,0.0,20240927-UArizona-Private-1,Left,Left,,,,False,False,False,False,Hitter's Count,2
,5,"Berg, Jack",2.0,2.0,Strikeout,Sinker,Undefined,0.0,-2.158476,4.475671,2010.035194,288.992509,9:45,5.56217,-3.08213,4.7417,-28.00761,5.76174,-13.98048,1.17351,0.00698,,92.60497,Sinker,0,1,,,,StrikeSwinging,Undefined,1.0,,,1,,,,0.0,0.0,0.0,1.0,1.0,140.0,0,0,0,1.0,0.0,20240927-UArizona-Private-1,Left,Left,,,,False,False,False,False,Pitcher's Count,2
1.0,1,"Berg, Jack",0.0,0.0,Undefined,ChangeUp,Undefined,0.0,-1.863657,2.720954,1462.095074,254.562837,8:30,5.44505,-2.90458,4.6132,-45.42747,-1.16394,-8.75575,-0.11519,-1.04516,,81.06041,,0,1,,,,BallCalled,Undefined,,,,1,,,,,,,,,140.0,0,0,0,,0.0,20240927-UArizona-Private-1,Right,Left,,,,False,False,False,False,0-0 Count,0
,2,"Berg, Jack",0.0,1.0,Undefined,Fastball,Undefined,0.0,-1.5784,4.936327,2176.129518,321.311932,10:45,5.70083,-2.84696,4.66844,-18.18926,14.71485,-11.0267,2.67985,0.93455,,94.03313,ChangeUp,0,1,,,,BallCalled,Undefined,,,,1,,,,,,,,,140.0,0,0,0,,0.0,20240927-UArizona-Private-1,Right,Left,,,,False,False,False,False,Neutral Count,1
,3,"Berg, Jack",0.0,2.0,Undefined,Sinker,Undefined,0.0,-0.198005,3.053008,2077.309311,288.613446,9:30,5.60319,-3.08336,4.52053,-27.28478,6.18394,-15.41454,3.14061,-1.45738,,93.4759,Fastball,0,1,,,,BallCalled,Undefined,,,,1,,,,,,,,,140.0,0,0,0,,0.0,20240927-UArizona-Private-1,Right,Left,,,,False,False,False,False,Hitter's Count,2
,4,"Berg, Jack",0.0,3.0,Undefined,Sinker,Out,0.0,-2.444763,4.482696,2083.366119,310.505358,10:15,5.65524,-3.00872,4.50797,-23.78241,10.06536,-10.70249,1.33581,0.37858,94.1211,92.77564,Sinker,0,1,15.086581,-0.18962,294.8359,InPlay,LineDrive,,,2405.592735,1,,,,0.0,0.0,0.0,1.0,,140.0,0,0,0,1.0,1.0,20240927-UArizona-Private-1,Right,Left,109.97427,23.71896,2.37087,False,False,False,False,Hitter's Count,2
1.0,1,"Berg, Jack",0.0,0.0,Undefined,Slider,Undefined,0.0,-0.919193,3.183663,2440.139938,117.0235,4:00,5.31669,-2.9719,4.39161,-47.11168,-1.68378,5.54567,0.51175,0.53274,,80.02635,,0,1,,,,BallCalled,Undefined,,,,1,,,,,,,,,140.0,0,0,0,,0.0,20240927-UArizona-Private-1,Left,Left,,,,False,False,False,False,0-0 Count,3
,2,"Berg, Jack",0.0,1.0,Undefined,Slider,Out,0.0,-0.136738,3.77346,2436.742715,109.51674,3:45,5.37929,-3.08027,4.72845,-43.2675,-0.14374,3.53103,1.64365,0.79943,70.97954,81.71024,Slider,0,0,38.736102,-14.698152,241.60983,InPlay,FlyBall,,,4545.459483,1,1.0,1.0,,0.0,0.0,0.0,1.0,,140.0,0,0,0,,1.0,20240927-UArizona-Private-1,Left,Left,104.22184,64.72166,-35.18228,False,False,False,False,Neutral Count,3
1.0,1,"Berg, Jack",0.0,0.0,Undefined,ChangeUp,Undefined,0.0,-1.270171,3.69588,1627.770066,267.8652,9:00,5.44126,-2.87526,4.66628,-42.75589,0.77291,-12.91261,0.66904,-0.43576,,81.72107,,0,1,,,,BallCalled,Undefined,,,,1,,,,,,,,,140.0,0,0,0,,0.0,20240927-UArizona-Private-1,Right,Left,,,,False,False,False,False,0-0 Count,0
,2,"Berg, Jack",0.0,1.0,Undefined,Sinker,Out,0.0,-1.326248,4.450447,2093.787176,300.970741,10:00,5.62925,-3.09201,4.5814,-25.29179,8.27536,-12.18776,2.25581,0.13489,99.82158,93.19767,ChangeUp,0,0,20.827847,14.209797,352.42505,InPlay,LineDrive,,,3447.439396,1,1.0,1.0,,0.0,0.0,0.0,1.0,,140.0,0,0,0,,1.0,20240927-UArizona-Private-1,Right,Left,105.38276,37.8829,31.53469,False,False,False,False,Neutral Count,2
1.0,1,"Berg, Jack",0.0,0.0,Undefined,Slider,Undefined,0.0,-1.20913,3.291331,2488.873743,92.143851,3:00,5.48925,-3.18776,4.46188,-44.02648,1.12087,6.16414,0.66545,0.4675,,80.78033,,0,1,,,,BallCalled,Undefined,,,,1,,,,,,,,,140.0,0,0,0,,0.0,20240927-UArizona-Private-1,Right,Left,,,,False,False,False,False,0-0 Count,3
,2,"Berg, Jack",0.0,1.0,Undefined,Slider,Undefined,0.0,-0.156826,3.661023,2414.377388,120.211215,4:00,5.32292,-3.15015,4.63462,-47.91211,-3.16642,8.02843,1.18089,1.0032,,81.44093,Slider,0,1,,,,BallCalled,Undefined,,,,1,,,,,,,,,140.0,0,0,0,,0.0,20240927-UArizona-Private-1,Right,Left,,,,False,False,False,False,Neutral Count,3
,3,"Berg, Jack",0.0,2.0,Undefined,Sinker,Undefined,0.0,-3.514486,4.192454,2137.310846,304.160461,10:15,5.51687,-3.10866,4.32948,-24.3734,9.93705,-13.12961,0.11349,-0.18863,,92.86524,Slider,0,1,,,,BallCalled,Undefined,,,,1,,,,,,,,,140.0,0,0,0,,0.0,20240927-UArizona-Private-1,Right,Left,,,,False,False,False,False,Hitter's Count,2
,4,"Berg, Jack",0.0,3.0,Undefined,Sinker,Undefined,0.0,-1.731071,4.196028,2139.752859,291.23258,9:45,5.54614,-3.05774,4.1924,-27.14742,7.52178,-16.68076,1.62025,-0.42014,,92.52826,Sinker,1,0,,,,StrikeCalled,Undefined,,,,1,1.0,,,,,,,,140.0,0,0,0,,0.0,20240927-UArizona-Private-1,Right,Left,,,,False,False,False,False,Hitter's Count,2
,5,"Berg, Jack",1.0,3.0,Undefined,Fastball,Undefined,0.0,-2.012997,3.587181,2063.531286,321.800996,10:45,5.52521,-3.17797,4.46088,-20.93092,12.83418,-9.34304,1.85707,-0.53181,81.12568,93.03962,Sinker,0,0,41.881704,72.124301,,FoulBallNotFieldable,Undefined,,,4773.479838,1,1.0,,,,,,,,140.0,0,0,0,,0.0,20240927-UArizona-Private-1,Right,Left,,,,False,False,False,False,Hitter's Count,1
,6,"Berg, Jack",2.0,3.0,Walk,Sinker,Undefined,0.0,-1.597998,1.892165,2268.705698,295.936532,9:45,5.68753,-2.97928,4.5281,-26.68698,6.83477,-12.16461,1.94062,-2.19044,,93.03261,Fastball,0,1,,,,BallCalled,Undefined,,1.0,,1,,,,,1.0,,,,140.0,0,0,0,,0.0,20240927-UArizona-Private-1,Right,Left,,,,False,False,False,False,Full Count,2
1.0,1,"Berg, Jack",0.0,0.0,Undefined,ChangeUp,Undefined,0.0,-2.015951,3.430934,1600.02784,280.421923,9:15,5.51387,-2.86046,4.43408,-41.87219,3.54524,-11.80902,0.09718,-0.56773,,80.52191,,0,1,,,,BallCalled,Undefined,,,,1,,,,,,,,,140.0,0,0,0,,0.0,20240927-UArizona-Private-1,Right,Left,,,,False,False,False,False,0-0 Count,0
,2,"Berg, Jack",0.0,1.0,Undefined,Sinker,Undefined,0.0,-0.496677,3.78452,2172.537387,306.256171,10:15,5.60145,-3.18844,4.12712,-24.14403,11.24367,-13.85615,3.11194,-0.70735,85.0199,91.72762,ChangeUp,0,0,62.525732,62.879689,,FoulBallNotFieldable,Undefined,,,4682.134797,1,1.0,,,,,,,,140.0,0,0,0,,0.0,20240927-UArizona-Private-1,Right,Left,,,,False,False,False,False,Neutral Count,2
,3,"Berg, Jack",1.0,1.0,Undefined,Sinker,Undefined,0.0,-1.278555,3.754489,2224.779342,308.009267,10:15,5.67248,-3.21711,4.09254,-23.04529,13.00481,-15.12209,2.52191,-0.86819,,91.26109,Sinker,0,1,,,,FoulBallNotFieldable,Undefined,,,,1,,,,,,,,,140.0,0,0,0,,0.0,20240927-UArizona-Private-1,Right,Left,,,,False,False,False,False,Neutral Count,2
,4,"Berg, Jack",2.0,1.0,Undefined,ChangeUp,Out,0.0,-0.650805,5.364924,1579.72495,270.711656,9:00,5.47955,-3.05019,4.76487,-39.95628,1.38169,-12.57198,1.53005,1.0039,96.35828,83.94841,Sinker,0,1,19.351535,-23.866333,334.06063,InPlay,LineDrive,,,2075.832629,1,,,,0.0,0.0,0.0,1.0,,140.0,0,0,0,1.0,1.0,20240927-UArizona-Private-1,Right,Left,99.18001,31.715,-47.574,False,False,False,False,Pitcher's Count,0
1.0,1,"Berg, Jack",0.0,0.0,Undefined,Sinker,Undefined,0.0,-1.837484,3.802148,2029.239116,297.093686,10:00,5.51306,-2.92403,4.07517,-25.5882,9.79619,-16.83418,1.61186,-0.67067,,92.24958,,1,0,,,,StrikeCalled,Undefined,,,,1,1.0,,,,,,,,140.0,0,0,0,,0.0,20240927-UArizona-Private-1,Right,Left,,,,False,False,False,False,0-0 Count,2
,2,"Berg, Jack",1.0,0.0,Undefined,ChangeUp,Undefined,0.0,-0.964441,5.319645,1652.137109,267.673376,9:00,5.44157,-2.87025,4.75177,-42.21467,0.68602,-13.47969,1.00496,1.0661,,82.30431,Sinker,0,1,,,,BallCalled,Undefined,,,,1,,,,,,,,,140.0,0,0,0,,0.0,20240927-UArizona-Private-1,Right,Left,,,,False,False,False,False,Neutral Count,0
,3,"Berg, Jack",1.0,2.0,Undefined,Slider,Undefined,0.0,0.637003,2.133939,2617.154325,138.333828,4:30,5.37483,-3.07072,4.29531,-50.90991,-3.97189,4.61233,1.74198,-0.6446,,78.85612,ChangeUp,1,0,,,,StrikeCalled,Undefined,,,,1,1.0,,,,,,,,140.0,0,0,0,,0.0,20240927-UArizona-Private-1,Right,Left,,,,False,False,False,False,Hitter's Count,3
,4,"Berg, Jack",2.0,1.0,Strikeout,Fastball,Undefined,0.0,-0.756231,3.408124,2118.797654,331.100806,11:00,5.65569,-2.92698,4.26315,-18.69123,15.61178,-8.01308,3.37311,-0.32957,,93.13565,Slider,0,0,,,,StrikeSwinging,Undefined,1.0,,,1,1.0,1.0,1.0,0.0,0.0,0.0,1.0,1.0,140.0,0,0,0,,0.0,20240927-UArizona-Private-1,Right,Left,,,,False,False,False,False,Pitcher's Count,1
1.0,1,"Berg, Jack",0.0,0.0,Undefined,Sinker,Undefined,0.0,,,,,,,,,,,,,,,,,1,1,,,,StrikeCalled,Undefined,,,,1,,,,,,,,,140.0,0,0,0,,0.0,20241018-UArizona-Private-1,Right,Left,,,,False,False,False,False,0-0 Count,2
,2,"Berg, Jack",1.0,0.0,Undefined,ChangeUp,Undefined,0.0,,,,,,,,,,,,,,,,Sinker,0,1,,,,BallCalled,Undefined,,,,1,,,,,,,,,140.0,0,0,0,,0.0,20241018-UArizona-Private-1,Right,Left,,,,False,False,False,False,Neutral Count,0
,3,"Berg, Jack",1.0,1.0,Undefined,ChangeUp,Undefined,0.0,,,,,,,,,,,,,,,,ChangeUp,0,1,,,,BallCalled,Undefined,,,,1,,,,,,,,,140.0,0,0,0,,0.0,20241018-UArizona-Private-1,Right,Left,,,,False,False,False,False,Neutral Count,0
,4,"Berg, Jack",1.0,2.0,Undefined,Sinker,Undefined,0.0,,,,,,,,,,,,,,,,ChangeUp,0,1,,,,FoulBallNotFieldable,Undefined,,,,1,,,,,,,,,140.0,0,0,0,,0.0,20241018-UArizona-Private-1,Right,Left,,,,False,False,False,False,Hitter's Count,2
,5,"Berg, Jack",2.0,2.0,Undefined,Sinker,Undefined,0.0,0.667998,2.886451,2167.720186,298.733283,10:00,5.86522,-3.41786,4.97114,-22.94722,10.22308,-16.79265,4.58475,-2.08851,,93.2736,Sinker,0,1,,,,BallCalled,Undefined,,,,1,,,,,,,,,140.0,0,0,0,,0.0,20241018-UArizona-Private-1,Right,Left,,,,False,False,False,False,Pitcher's Count,2
,6,"Berg, Jack",2.0,3.0,Strikeout,Sinker,Undefined,0.0,-1.357668,4.762791,2211.035984,299.891417,10:00,5.76607,-3.2758,5.08438,-23.27671,9.37544,-14.71922,2.54195,-0.0027,,93.53521,Sinker,0,0,,,,StrikeSwinging,Undefined,1.0,,,1,1.0,1.0,1.0,0.0,0.0,0.0,1.0,1.0,140.0,0,0,0,,0.0,20241018-UArizona-Private-1,Right,Left,,,,False,False,False,False,Full Count,2
1.0,1,"Berg, Jack",0.0,0.0,Undefined,Slider,Undefined,0.0,-0.810197,3.894768,2490.017093,108.577287,3:30,5.50582,-3.36422,4.9431,-47.04625,-1.15473,7.33457,0.8178,0.93343,,79.32058,,0,1,,,,BallCalled,Undefined,,,,1,,,,,,,,,140.0,0,0,0,,0.0,20241018-UArizona-Private-1,Right,Left,,,,False,False,False,False,0-0 Count,3
,2,"Berg, Jack",0.0,1.0,Undefined,Sinker,Undefined,0.0,-1.576175,4.631733,2038.342591,306.413887,10:15,5.76813,-3.57452,5.10764,-22.92891,11.16524,-13.69812,2.36711,-0.34258,,91.93989,Slider,1,0,,,,StrikeCalled,Undefined,,,,1,1.0,,,,,,,,140.0,0,0,0,,0.0,20241018-UArizona-Private-1,Right,Left,,,,False,False,False,False,Neutral Count,2
,3,"Berg, Jack",1.0,1.0,Undefined,Sinker,Undefined,0.0,-1.914586,5.3345,2135.597637,306.564587,10:15,5.8827,-3.38265,5.07938,-20.76954,12.55674,-15.49674,2.33855,0.36922,,93.21598,Sinker,1,0,,,,StrikeCalled,Undefined,,,,1,1.0,,,,,,,,140.0,0,0,0,,0.0,20241018-UArizona-Private-1,Right,Left,,,,False,False,False,False,Neutral Count,2
,4,"Berg, Jack",2.0,1.0,Strikeout,ChangeUp,Undefined,0.0,-1.081271,4.925887,1759.291276,247.629519,8:15,5.69022,-3.32037,5.17563,-46.8294,-4.08122,-12.75036,0.76641,0.26378,,81.62286,Sinker,0,1,,,,StrikeSwinging,Undefined,1.0,,,1,,,,0.0,0.0,0.0,1.0,1.0,140.0,0,0,0,1.0,0.0,20241018-UArizona-Private-1,Right,Left,,,,False,False,False,False,Pitcher's Count,0
1.0,1,"Berg, Jack",0.0,0.0,Undefined,Sinker,Undefined,0.0,-2.409008,3.807598,2176.197826,293.275188,9:45,5.80473,-3.33456,5.03418,-24.64521,8.54839,-17.59485,1.47179,-1.20318,,93.02248,,0,1,,,,BallCalled,Undefined,,,,1,,,,,,,,,140.0,0,0,0,,0.0,20241018-UArizona-Private-1,Right,Left,,,,False,False,False,False,0-0 Count,2
,2,"Berg, Jack",0.0,1.0,Undefined,Sinker,Undefined,0.0,-1.611924,3.339733,2014.359555,302.128744,10:00,5.73823,-3.49553,5.09751,-24.60907,8.18792,-11.61694,2.16548,-1.31283,,93.10344,Sinker,0,1,,,,FoulBallNotFieldable,Undefined,,,,1,,,,,,,,,140.0,0,0,0,,0.0,20241018-UArizona-Private-1,Right,Left,,,,False,False,False,False,Neutral Count,2
,3,"Berg, Jack",1.0,1.0,Undefined,Sinker,Undefined,0.0,-1.647938,3.687199,2003.761503,294.431304,9:45,5.59915,-3.40631,5.08407,-25.67895,7.76839,-14.95351,1.90226,-1.17211,,92.51203,Sinker,0,1,,,,StrikeSwinging,Undefined,,,,1,,,,,,,1.0,1.0,140.0,0,0,0,1.0,0.0,20241018-UArizona-Private-1,Right,Left,,,,False,False,False,False,Neutral Count,2
,4,"Berg, Jack",2.0,1.0,Strikeout,Sinker,Undefined,0.0,-0.957654,5.256354,2168.377844,305.173797,10:15,5.9605,-3.24892,4.91,-21.65537,11.83725,-15.33891,3.24639,0.45739,,93.08011,Sinker,1,0,,,,StrikeCalled,Undefined,1.0,,,1,1.0,,,0.0,0.0,0.0,,,140.0,0,0,0,,0.0,20241018-UArizona-Private-1,Right,Left,,,,False,False,False,False,Pitcher's Count,2
,0,"Berg, Jack",,,,,Single,,,,,,,,,,,,,,,,,,0,1,,,,,GroundBall,,,,1,,,,1.0,1.0,1.0,,,,0,0,0,,,,Right,Left,,,,True,False,False,False,Neutral Count,-1
,0,"Berg, Jack",,,,,Out,,,,,,,,,,,,,,,,,,0,1,,,,,GroundBall,,,,1,,,,0.0,0.0,0.0,,,,0,0,0,,,,Right,Left,,,,False,False,False,False,Neutral Count,-1
,0,"Berg, Jack",,,,,Single,,,,,,,,,,,,,,,,,,0,1,,,,,LineDrive,,,,1,,,,1.0,1.0,1.0,,,,0,0,0,,,,Right,Left,,,,True,False,False,False,Neutral Count,-1
,0,"Berg, Jack",,,,,Out,,,,,,,,,,,,,,,,,,0,1,,,,,GroundBall,,,,1,,,,0.0,0.0,0.0,,,,0,0,0,,,,Left,Left,,,,False,False,False,False,Neutral Count,-1
