PA,PitchofPA,Batter,TaggedPitchType,PlayResult,Angle,Direction,AdjustedDirection,Distance,PlateLocHeight,PlateLocSide,CountType,PitchCall,ExitSpeed,KorBB,PositionAt110X,PositionAt110Y,PositionAt110Z,PitcherThrows,TaggedHitType,ContactPositionX,ContactPositionY,ContactPositionZ,swing,whiff,RelSpeed
1.0,1,"Caulfield, Garen",Curveball,Undefined,,,,,2.40854,0.35897,0-0 Count,StrikeCalled,,Undefined,,,,Right,Undefined,,,,,,80.14428
,2,"Caulfield, Garen",Fastball,Undefined,,,,,1.25844,-0.16313,Neutral Count,StrikeCalled,,Undefined,,,,Right,Undefined,,,,,,89.46216
,3,"Caulfield, Garen",Curveball,Out,-18.385955,-21.31345,21.31345,5.33365,1.18312,-0.17887,Pitcher's Count,InPlay,82.1617,Undefined,,,,Right,GroundBall,1.72548,1.23981,0.17113,1.0,,81.69383
1.0,1,"Caulfield, Garen",Slider,Undefined,38.200174,71.170101,-71.170101,,2.67013,-0.10775,0-0 Count,FoulBallNotFieldable,85.76832,Undefined,,,,Right,Undefined,0.66874,2.81008,-0.10422,,,83.50085
,2,"Caulfield, Garen",Fastball,Undefined,,,,,2.0257,-0.2498,Neutral Count,StrikeCalled,,Undefined,,,,Right,Undefined,,,,,,88.64983
,3,"Caulfield, Garen",Slider,Out,,,,,1.33677,-1.17234,Pitcher's Count,InPlay,,Undefined,,,,Right,GroundBall,,,,1.0,,83.5932
1.0,1,"Caulfield, Garen",Slider,Undefined,,,,,3.10314,-1.05275,0-0 Count,BallCalled,,Undefined,,,,Right,Undefined,,,,,,80.36331
,2,"Caulfield, Garen",Sinker,Out,25.479566,-14.381635,14.381635,326.62236,2.29577,-0.46867,Neutral Count,InPlay,88.50547,Undefined,107.02692,45.05942,-25.40033,Right,FlyBall,2.28707,2.11505,0.45962,1.0,,89.36522
1.0,1,"Caulfield, Garen",Slider,Undefined,,,,,2.15715,-0.22272,0-0 Count,StrikeCalled,,Undefined,,,,Right,Undefined,,,,,,81.93604
,2,"Caulfield, Garen",Fastball,Undefined,20.121002,63.950752,-63.950752,236.6583,1.97086,0.50312,Neutral Count,FoulBallNotFieldable,83.79811,Undefined,41.34346,29.19548,101.93474,Right,Undefined,0.78778,1.85484,-1.07403,,,95.05776
,3,"Caulfield, Garen",Slider,Undefined,,,,,1.88485,-0.99276,Pitcher's Count,StrikeSwinging,,Strikeout,,,,Right,Undefined,,,,1.0,1.0,84.66456
1.0,1,"Caulfield, Garen",Fastball,Undefined,,,,,1.23226,-0.46597,0-0 Count,BallCalled,,Undefined,,,,Right,Undefined,,,,,,91.54902
,2,"Caulfield, Garen",Fastball,Undefined,,,,,1.63845,-1.74221,Neutral Count,BallCalled,,Undefined,,,,Right,Undefined,,,,,,93.20949
,3,"Caulfield, Garen",Fastball,Undefined,,,,,3.81208,0.25157,Hitter's Count,BallCalled,,Undefined,,,,Right,Undefined,,,,,,92.70361
,4,"Caulfield, Garen",Fastball,Undefined,,,,,1.58639,-0.92815,Hitter's Count,BallCalled,,Walk,,,,Right,Undefined,,,,,,92.82976
1.0,1,"Caulfield, Garen",Slider,Undefined,,,,,1.03823,-1.08696,0-0 Count,BallCalled,,Undefined,,,,Right,Undefined,,,,,,80.71047
,2,"Caulfield, Garen",Fastball,Undefined,,,,,1.36699,-0.91048,Neutral Count,BallCalled,,Undefined,,,,Right,Undefined,,,,,,93.95312
,3,"Caulfield, Garen",Fastball,Undefined,,,,,2.67621,0.54732,Hitter's Count,StrikeCalled,,Undefined,,,,Right,Undefined,,,,,,92.63284
,4,"Caulfield, Garen",Fastball,Single,6.41766,7.086193,-7.086193,136.40016,2.36602,0.42448,Hitter's Count,InPlay,98.96076,Undefined,,,,Right,GroundBall,1.40117,1.92662,-0.53116,1.0,,92.29352
1.0,1,"Caulfield, Garen",Fastball,Undefined,,,,,3.92558,-0.85027,0-0 Count,BallCalled,,Undefined,,,,Left,Undefined,,,,,,87.4801
,2,"Caulfield, Garen",Slider,Undefined,,,,,3.46995,-0.70266,Neutral Count,BallCalled,,Undefined,,,,Left,Undefined,,,,,,78.55403
,3,"Caulfield, Garen",Fastball,Undefined,62.872808,77.71044,-77.71044,,1.60285,0.3146,Hitter's Count,FoulBallNotFieldable,70.93954,Undefined,,,,Left,Undefined,2.90749,1.7821,-0.25311,,,87.42232
,4,"Caulfield, Garen",Slider,Undefined,,,,,3.00158,0.27553,Hitter's Count,StrikeCalled,,Undefined,,,,Left,Undefined,,,,,,80.24727
,5,"Caulfield, Garen",ChangeUp,Undefined,37.149886,61.431252,-61.431252,217.12255,2.11449,0.50664,Pitcher's Count,FoulBallNotFieldable,68.33283,Undefined,42.49336,52.51745,101.46083,Left,Undefined,1.08595,2.26846,-0.45659,,,80.77855
,6,"Caulfield, Garen",Fastball,Undefined,,,,,2.46125,0.5204,Pitcher's Count,FoulBallNotFieldable,,Undefined,,,,Left,Undefined,,,,,,88.56363
,7,"Caulfield, Garen",Slider,Undefined,38.722631,165.27103,-165.27103,,2.237,-0.3177,Pitcher's Count,FoulBallNotFieldable,63.42283,Undefined,,,,Left,Undefined,1.62072,2.46185,0.37363,,,81.11702
,8,"Caulfield, Garen",Fastball,HomeRun,26.906398,2.192136,-2.192136,427.63012,2.8528,-0.22635,Pitcher's Count,InPlay,104.23575,Undefined,109.77109,54.17481,7.09223,Left,FlyBall,1.59966,2.91313,0.22705,1.0,,87.99468
1.0,1,"Caulfield, Garen",Slider,Undefined,,,,,2.21406,-2.41982,0-0 Count,BallCalled,,Undefined,,,,Right,Undefined,,,,,,85.92587
,2,"Caulfield, Garen",Fastball,Undefined,,,,,3.72111,-0.55872,Neutral Count,BallCalled,,Undefined,,,,Right,Undefined,,,,,,89.37963
,3,"Caulfield, Garen",ChangeUp,Undefined,,,,,6.14162,1.99944,Hitter's Count,BallCalled,,Undefined,,,,Right,Undefined,,,,,,85.04684
,4,"Caulfield, Garen",Fastball,Undefined,,,,,1.71625,-0.92581,Hitter's Count,StrikeCalled,,Undefined,,,,Right,Undefined,,,,,,90.34101
,5,"Caulfield, Garen",Fastball,Undefined,,,,,0.85362,-1.58232,Hitter's Count,BallCalled,,Walk,,,,Right,Undefined,,,,,,91.25686
1.0,1,"Caulfield, Garen",Slider,Undefined,,,,,0.15311,-0.91278,0-0 Count,BallCalled,,Undefined,,,,Right,Undefined,,,,,,82.70934
,2,"Caulfield, Garen",Fastball,Undefined,,,,,2.47915,-0.34786,Neutral Count,FoulBallNotFieldable,,Undefined,,,,Right,Undefined,,,,,,90.49734
,3,"Caulfield, Garen",Fastball,Undefined,,,,,3.6719,1.06299,Neutral Count,BallCalled,,Undefined,,,,Right,Undefined,,,,,,89.80534
,4,"Caulfield, Garen",Slider,Undefined,,,,,2.29927,0.90363,Hitter's Count,FoulBallNotFieldable,,Undefined,,,,Right,Undefined,,,,,,82.4149
,5,"Caulfield, Garen",Fastball,Undefined,,,,,2.80933,-1.26695,Pitcher's Count,StrikeCalled,,Strikeout,,,,Right,Undefined,,,,,,90.92572
1.0,1,"Caulfield, Garen",Curveball,Undefined,,,,,1.0805,-0.36865,0-0 Count,BallCalled,,Undefined,,,,Right,Undefined,,,,,,76.31127
,2,"Caulfield, Garen",Curveball,Undefined,,,,,2.1575,1.40032,Neutral Count,BallCalled,,Undefined,,,,Right,Undefined,,,,,,75.3855
,3,"Caulfield, Garen",Fastball,Undefined,,,,,2.09603,-1.76395,Hitter's Count,BallCalled,,Undefined,,,,Right,Undefined,,,,,,88.22975
,4,"Caulfield, Garen",Fastball,Undefined,,,,,4.15014,0.9676,Hitter's Count,BallCalled,,Walk,,,,Right,Undefined,,,,,,87.15416
1.0,1,"Caulfield, Garen",Fastball,Undefined,46.457071,136.513516,-136.513516,,2.71457,-0.31698,0-0 Count,FoulBallNotFieldable,75.42826,Undefined,,,,Right,Undefined,1.2806,2.66681,0.15136,,,88.48206
,2,"Caulfield, Garen",Fastball,Undefined,,,,,1.68142,-0.18071,Neutral Count,StrikeCalled,,Undefined,,,,Right,Undefined,,,,,,88.19606
,3,"Caulfield, Garen",Slider,Undefined,,,,,0.49343,-0.65157,Pitcher's Count,BallCalled,,Undefined,,,,Right,Undefined,,,,,,82.30017
,4,"Caulfield, Garen",Fastball,Single,12.722509,-20.077304,20.077304,283.35727,2.50412,0.45039,Pitcher's Count,InPlay,107.90495,Undefined,101.40303,19.98371,-42.63103,Right,LineDrive,2.00146,2.62714,-0.67457,1.0,,89.39292
1.0,1,"Caulfield, Garen",Slider,Undefined,,,,,4.06313,0.5949,0-0 Count,BallCalled,,Undefined,,,,Right,Undefined,,,,,,82.39819
,2,"Caulfield, Garen",Fastball,Undefined,,,,,1.54935,-0.04556,Neutral Count,StrikeSwinging,,Undefined,,,,Right,Undefined,,,,1.0,1.0,87.03655
,3,"Caulfield, Garen",Slider,Undefined,,,,,3.20889,-0.09895,Neutral Count,StrikeSwinging,,Undefined,,,,Right,Undefined,,,,1.0,1.0,81.59613
,4,"Caulfield, Garen",Slider,Undefined,,,,,3.50654,-1.36386,Pitcher's Count,BallCalled,,Undefined,,,,Right,Undefined,,,,,,81.51056
,5,"Caulfield, Garen",Slider,Undefined,,,,,2.45583,-1.51144,Pitcher's Count,BallCalled,,Undefined,,,,Right,Undefined,,,,,,83.06243
,6,"Caulfield, Garen",Fastball,Out,32.980962,3.154226,-3.154226,383.24845,2.17638,-0.53825,Full Count,InPlay,104.19633,Undefined,109.43235,69.69625,11.16008,Right,Popup,1.76652,2.10079,0.51121,1.0,,88.6505
1.0,1,"Caulfield, Garen",Sinker,Undefined,,,,,3.0632,1.27958,0-0 Count,BallCalled,,Undefined,,,,Right,Undefined,,,,,,90.6503
,2,"Caulfield, Garen",Sinker,Undefined,,,,,3.32858,0.95031,Neutral Count,BallCalled,,Undefined,,,,Right,Undefined,,,,,,91.23389
,3,"Caulfield, Garen",Sinker,Out,-7.022008,4.67719,-4.67719,11.64526,1.3857,0.01039,Hitter's Count,InPlay,106.97652,Undefined,,,,Right,GroundBall,1.25202,1.2806,0.00474,1.0,,91.82921
1.0,1,"Caulfield, Garen",Slider,Undefined,,,,,0.67304,-0.99031,0-0 Count,BallCalled,,Undefined,,,,Right,Undefined,,,,,,84.32963
,2,"Caulfield, Garen",Slider,Undefined,,,,,1.87495,-1.00715,Neutral Count,StrikeSwinging,,Undefined,,,,Right,Undefined,,,,1.0,1.0,82.78199
,3,"Caulfield, Garen",Slider,Undefined,,,,,3.12213,0.8602,Neutral Count,StrikeCalled,,Undefined,,,,Right,Undefined,,,,,,82.70482
,4,"Caulfield, Garen",Sinker,Undefined,,,,,3.81932,-0.78151,Pitcher's Count,BallCalled,,Undefined,,,,Right,Undefined,,,,,,94.83845
,5,"Caulfield, Garen",Sinker,Undefined,,,,,1.56641,-0.04075,Pitcher's Count,BallCalled,,Undefined,,,,Right,Undefined,,,,,,95.05983
,6,"Caulfield, Garen",Sinker,Undefined,35.282533,161.573359,-161.573359,,2.92623,-0.42907,Hitter's Count,FoulBallNotFieldable,76.7161,Undefined,,,,Right,Undefined,1.15979,2.78959,0.41654,,,95.55431
,7,"Caulfield, Garen",Sinker,Undefined,34.118563,54.487454,-54.487454,,1.62631,-0.18192,Full Count,FoulBallNotFieldable,91.99247,Undefined,,,,Right,Undefined,0.99458,1.47521,-0.28536,,,95.04383
,8,"Caulfield, Garen",Slider,Undefined,,,,,2.66105,0.06714,Full Count,StrikeSwinging,,Strikeout,,,,Right,Undefined,,,,1.0,1.0,84.23322
1.0,1,"Caulfield, Garen",Fastball,Undefined,,,,,1.15258,0.01942,0-0 Count,BallCalled,,Undefined,,,,Right,Undefined,,,,,,94.24194
,2,"Caulfield, Garen",Slider,Undefined,,,,,3.77616,0.69478,Neutral Count,BallCalled,,Undefined,,,,Right,Undefined,,,,,,84.64111
,3,"Caulfield, Garen",Fastball,Undefined,,,,,2.64503,-0.20731,Hitter's Count,StrikeSwinging,,Undefined,,,,Right,Undefined,,,,1.0,1.0,94.26219
,4,"Caulfield, Garen",Fastball,Undefined,,,,,2.04963,0.85981,Hitter's Count,BallCalled,,Undefined,,,,Right,Undefined,,,,,,93.89965
,5,"Caulfield, Garen",Fastball,Undefined,60.437063,87.320722,-87.320722,,2.51873,-0.19177,Hitter's Count,FoulBallNotFieldable,77.99328,Undefined,,,,Right,Undefined,1.10195,2.48824,0.19668,,,93.71257
,6,"Caulfield, Garen",Fastball,Undefined,56.231876,36.725778,-36.725778,210.12825,2.11605,0.39053,Full Count,FoulBallFieldable,78.31776,Undefined,75.61078,116.85124,79.89368,Right,Undefined,1.78215,1.98563,-0.47807,,,95.02289
,7,"Caulfield, Garen",Curveball,Undefined,,,,,3.31997,0.87573,Full Count,BallCalled,,Walk,,,,Right,Undefined,,,,,,81.49303
1.0,1,"Caulfield, Garen",Slider,Undefined,,,,,1.91208,-1.37192,0-0 Count,BallCalled,,Undefined,,,,Right,Undefined,,,,,,84.9611
,2,"Caulfield, Garen",Fastball,Single,5.253385,-4.434775,4.434775,98.41474,2.00761,0.62219,Neutral Count,InPlay,92.24449,Undefined,,,,Right,GroundBall,1.61041,1.90441,-0.59184,1.0,,92.84193
1.0,1,"Caulfield, Garen",ChangeUp,Undefined,,,,,-0.11519,-1.04516,0-0 Count,BallCalled,,Undefined,,,,Left,Undefined,,,,,,81.06041
,2,"Caulfield, Garen",Fastball,Undefined,,,,,2.67985,0.93455,Neutral Count,BallCalled,,Undefined,,,,Left,Undefined,,,,,,94.03313
,3,"Caulfield, Garen",Sinker,Undefined,,,,,3.14061,-1.45738,Hitter's Count,BallCalled,,Undefined,,,,Left,Undefined,,,,,,93.4759
,4,"Caulfield, Garen",Sinker,Out,15.086581,-0.18962,0.18962,294.8359,1.33581,0.37858,Hitter's Count,InPlay,94.1211,Undefined,109.97427,23.71896,2.37087,Left,LineDrive,1.84705,1.54556,-0.33493,1.0,,92.77564
1.0,1,"Caulfield, Garen",Slider,Undefined,,,,,1.08855,-2.40522,0-0 Count,BallCalled,,Undefined,,,,Right,Undefined,,,,,,81.10308
,2,"Caulfield, Garen",Fastball,HomeRun,24.016997,24.306914,-24.306914,366.25133,3.17909,-0.57019,Neutral Count,InPlay,97.42102,Undefined,96.59076,43.50904,52.63182,Right,FlyBall,0.90752,2.92739,0.45255,1.0,,92.53106
1.0,1,"Caulfield, Garen",Slider,Undefined,,,,,1.61833,-1.40048,0-0 Count,BallCalled,,Undefined,,,,Right,Undefined,,,,,,80.81339
,2,"Caulfield, Garen",Sinker,Undefined,,,,,2.70187,1.28465,Neutral Count,BallCalled,,Undefined,,,,Right,Undefined,,,,,,90.11093
,3,"Caulfield, Garen",Sinker,Undefined,,,,,2.90479,1.54199,Hitter's Count,BallCalled,,Undefined,,,,Right,Undefined,,,,,,89.45175
,4,"Caulfield, Garen",Sinker,Undefined,,,,,2.2878,-0.99062,Hitter's Count,StrikeCalled,,Undefined,,,,Right,Undefined,,,,,,90.85177
,5,"Caulfield, Garen",Sinker,Out,-2.849359,-14.035957,14.035957,22.46751,1.7081,0.43846,Hitter's Count,InPlay,88.92856,Undefined,,,,Right,GroundBall,1.71606,1.62124,-0.43569,1.0,,90.15873
1.0,1,"Caulfield, Garen",Fastball,Undefined,7.358149,165.821667,-165.821667,,2.76751,0.18663,0-0 Count,FoulBallNotFieldable,76.57773,Undefined,,,,Right,Undefined,1.83536,3.10784,-0.81351,,,88.65119
,2,"Caulfield, Garen",Curveball,Undefined,50.355736,146.182628,-146.182628,,2.70598,0.97327,Neutral Count,FoulBallNotFieldable,56.73096,Undefined,,,,Right,Undefined,1.53773,2.46451,-1.00042,,,76.30362
,3,"Caulfield, Garen",Fastball,Undefined,,,,,5.09659,0.92736,Pitcher's Count,BallCalled,,Undefined,,,,Right,Undefined,,,,,,88.82779
,4,"Caulfield, Garen",Curveball,HomeRun,30.511815,-24.742441,24.742441,427.53962,2.21621,0.39373,Pitcher's Count,InPlay,104.64023,Undefined,100.09593,61.2511,-45.61554,Right,FlyBall,2.38148,2.18066,-0.33971,1.0,,77.00608
1.0,1,"Caulfield, Garen",Sinker,Undefined,,,,,2.80339,1.91744,0-0 Count,BallCalled,,Undefined,,,,Right,Undefined,,,,,,91.69852
,2,"Caulfield, Garen",Sinker,Undefined,58.639839,145.652064,-145.652064,,2.3954,0.37815,Neutral Count,FoulBallNotFieldable,75.34702,Undefined,,,,Right,Undefined,2.1101,2.07724,-0.48266,,,91.89229
,3,"Caulfield, Garen",Cutter,Undefined,,,,,0.97644,-0.91396,Neutral Count,BallCalled,,Undefined,,,,Right,Undefined,,,,,,88.22294
,4,"Caulfield, Garen",Sinker,Undefined,61.985013,126.851201,-126.851201,,1.90426,0.36068,Hitter's Count,FoulBallNotFieldable,75.95881,Undefined,,,,Right,Undefined,2.13688,1.4931,-0.5169,,,93.31029
,5,"Caulfield, Garen",Slider,Single,18.258283,-28.868481,28.868481,285.26713,3.39514,0.00302,Pitcher's Count,InPlay,97.52747,Undefined,94.51962,28.02832,-56.26628,Right,LineDrive,2.2828,3.22473,-0.08062,1.0,,82.35835
1.0,1,"Caulfield, Garen",Fastball,Undefined,,,,,1.08571,0.13202,0-0 Count,StrikeCalled,,Undefined,,,,Right,Undefined,,,,,,89.79176
,2,"Caulfield, Garen",Fastball,Undefined,,,,,2.73161,1.57424,Neutral Count,BallCalled,,Undefined,,,,Right,Undefined,,,,,,89.6871
,3,"Caulfield, Garen",Slider,Undefined,,,,,1.38292,-0.59226,Neutral Count,BallCalled,,Undefined,,,,Right,Undefined,,,,,,79.67861
,4,"Caulfield, Garen",Fastball,Undefined,,,,,2.18677,-1.4149,Hitter's Count,BallCalled,,Undefined,,,,Right,Undefined,,,,,,89.64598
,5,"Caulfield, Garen",Fastball,Out,62.569429,15.419469,-15.419469,,1.98274,0.04633,Hitter's Count,InPlay,85.66502,Undefined,,,,Right,Popup,1.88121,2.11089,-0.1553,1.0,,89.20887
1.0,1,"Caulfield, Garen",Fastball,Single,11.610955,10.427969,-10.427969,219.476,3.06867,-0.20889,0-0 Count,InPlay,105.68055,Undefined,106.96698,14.9507,25.64914,Right,LineDrive,1.20407,2.79615,0.15214,1.0,,88.91896
1.0,1,"Caulfield, Garen",Slider,Undefined,,,,,2.86499,-0.76484,0-0 Count,StrikeSwinging,,Undefined,,,,Right,Undefined,,,,1.0,1.0,79.00103
,2,"Caulfield, Garen",Fastball,Out,-1.047471,24.76262,-24.76262,47.02909,2.93441,-0.00011,Neutral Count,InPlay,95.73963,Undefined,,,,Right,GroundBall,0.69227,2.66934,-0.12668,1.0,,89.8005
1.0,1,"Caulfield, Garen",ChangeUp,Undefined,,,,,0.88671,-1.433,0-0 Count,BallCalled,,Undefined,,,,Right,Undefined,,,,,,78.5923
,2,"Caulfield, Garen",ChangeUp,Undefined,,,,,1.64097,-0.87547,Neutral Count,StrikeCalled,,Undefined,,,,Right,Undefined,,,,,,77.58321
,3,"Caulfield, Garen",Fastball,Undefined,,,,,1.2215,-1.31217,Neutral Count,BallCalled,,Undefined,,,,Right,Undefined,,,,,,88.85455
,4,"Caulfield, Garen",Fastball,Out,,,,,3.0436,-0.01351,Hitter's Count,InPlay,,Undefined,,,,Right,GroundBall,,,,1.0,,88.44868
1.0,1,"Caulfield, Garen",Curveball,Undefined,,,,,1.27323,-0.23427,0-0 Count,BallCalled,,Undefined,,,,Right,Undefined,,,,,,82.78953
,2,"Caulfield, Garen",Fastball,Undefined,,,,,4.51228,0.12692,Neutral Count,BallCalled,,Undefined,,,,Right,Undefined,,,,,,95.25658
,3,"Caulfield, Garen",Slider,Undefined,,,,,3.34617,-0.04861,Hitter's Count,StrikeCalled,,Undefined,,,,Right,Undefined,,,,,,87.92472
,4,"Caulfield, Garen",Slider,Undefined,,,,,2.69338,-0.97952,Hitter's Count,StrikeCalled,,Undefined,,,,Right,Undefined,,,,,,88.06994
,5,"Caulfield, Garen",Slider,Single,-2.227883,-3.108514,3.108514,36.7328,2.8812,-0.58426,Pitcher's Count,InPlay,105.13571,Undefined,,,,Right,GroundBall,1.75574,2.83607,0.54807,1.0,,87.49138
1.0,1,"Caulfield, Garen",ChangeUp,Undefined,,,,,0.95819,-1.07456,0-0 Count,BallCalled,,Undefined,,,,Left,Undefined,,,,,,80.48328
,2,"Caulfield, Garen",Fastball,Undefined,,,,,3.68157,-0.49386,Neutral Count,BallCalled,,Undefined,,,,Left,Undefined,,,,,,87.27157
,3,"Caulfield, Garen",Slider,Undefined,,,,,1.5344,0.52376,Hitter's Count,StrikeCalled,,Undefined,,,,Left,Undefined,,,,,,78.68514
,4,"Caulfield, Garen",ChangeUp,Undefined,,,,,3.52438,-1.63552,Hitter's Count,BallCalled,,Undefined,,,,Left,Undefined,,,,,,79.58599
,5,"Caulfield, Garen",Fastball,Undefined,,,,,1.75328,-1.19396,Hitter's Count,StrikeCalled,,Undefined,,,,Left,Undefined,,,,,,87.82447
,6,"Caulfield, Garen",Slider,Double,18.674736,-17.312827,17.312827,399.28208,1.106,-0.02532,Full Count,InPlay,108.93135,Undefined,104.2462,33.15267,-35.10918,Left,LineDrive,2.79764,1.58402,0.14936,1.0,,77.50824
1.0,1,"Caulfield, Garen",Sinker,Undefined,,,,,4.0397,1.97773,0-0 Count,HitByPitch,,Undefined,,,,Right,Undefined,,,,,,88.23174
1.0,1,"Caulfield, Garen",Sinker,Undefined,,,,,3.03771,-2.12385,0-0 Count,BallCalled,,Undefined,,,,Left,Undefined,,,,,,85.62337
,2,"Caulfield, Garen",Slider,Undefined,,,,,2.83697,-3.46608,Neutral Count,BallCalled,,Undefined,,,,Left,Undefined,,,,,,75.10852
,3,"Caulfield, Garen",Sinker,Undefined,,,,,3.36898,-2.66407,Hitter's Count,BallCalled,,Undefined,,,,Left,Undefined,,,,,,86.27279
,4,"Caulfield, Garen",Sinker,Undefined,,,,,2.24695,0.13209,Hitter's Count,StrikeCalled,,Undefined,,,,Left,Undefined,,,,,,85.49437
,5,"Caulfield, Garen",Sinker,Undefined,,,,,1.85014,1.02198,Hitter's Count,BallCalled,,Walk,,,,Left,Undefined,,,,,,86.44325
1.0,1,"Caulfield, Garen",Slider,Undefined,,,,,1.57876,0.63736,0-0 Count,BallCalled,,Undefined,,,,Left,Undefined,,,,,,76.70177
,2,"Caulfield, Garen",Sinker,HomeRun,26.488065,27.29772,-27.29772,372.51379,2.42922,-0.86455,Neutral Count,InPlay,99.76223,Undefined,94.23232,50.80894,56.74733,Left,FlyBall,0.8213,2.69807,0.827,1.0,,86.57126
1.0,1,"Caulfield, Garen",Sinker,Undefined,,,,,1.01184,-1.03382,0-0 Count,BallCalled,,Undefined,,,,Right,Undefined,,,,,,91.20092
,2,"Caulfield, Garen",Sinker,Undefined,,,,,1.25976,-0.76762,Neutral Count,BallCalled,,Undefined,,,,Right,Undefined,,,,,,91.79073
,3,"Caulfield, Garen",Sinker,Out,17.191498,-14.595218,14.595218,334.45955,2.09097,0.66155,Hitter's Count,InPlay,101.29215,Undefined,107.05541,29.24791,-25.28117,Right,LineDrive,1.94993,1.92672,-0.63243,1.0,,91.83987
1.0,1,"Caulfield, Garen",Slider,Undefined,,,,,0.42486,-2.00857,0-0 Count,BallCalled,,Undefined,,,,Right,Undefined,,,,,,79.8858
,2,"Caulfield, Garen",Fastball,Undefined,,,,,3.34202,-0.13425,Neutral Count,StrikeSwinging,,Undefined,,,,Right,Undefined,,,,1.0,1.0,91.7909
,3,"Caulfield, Garen",Fastball,Undefined,,,,,1.88666,-1.64316,Neutral Count,BallCalled,,Undefined,,,,Right,Undefined,,,,,,92.17888
,4,"Caulfield, Garen",Sinker,Out,-13.057653,11.901112,-11.901112,7.92667,1.64094,-1.12165,Hitter's Count,InPlay,90.13686,Undefined,,,,Right,GroundBall,1.09722,1.52686,1.09086,1.0,,91.48604
1.0,1,"Caulfield, Garen",Fastball,Undefined,,,,,4.32906,1.76597,0-0 Count,BallCalled,,Undefined,,,,Right,Undefined,,,,,,90.29845
,2,"Caulfield, Garen",Slider,Out,42.69481,2.061732,-2.061732,282.2932,3.11539,0.21182,Neutral Count,InPlay,90.56567,Undefined,109.60223,93.22169,9.34433,Right,Popup,1.3621,2.76887,-0.22413,1.0,,75.76658
1.0,1,"Caulfield, Garen",Curveball,Double,25.842998,-0.749129,0.749129,402.8061,2.11856,0.15141,0-0 Count,InPlay,102.6053,Undefined,109.96169,49.01539,2.89138,Right,FlyBall,1.63286,1.99336,-0.17087,1.0,,78.03241
1.0,1,"Caulfield, Garen",Fastball,Undefined,,,,,1.75306,-2.39984,0-0 Count,BallCalled,,Undefined,,,,Right,Undefined,,,,,,90.90256
,2,"Caulfield, Garen",Fastball,Undefined,,,,,1.9638,-1.62563,Neutral Count,BallCalled,,Undefined,,,,Right,Undefined,,,,,,90.86239
,3,"Caulfield, Garen",ChangeUp,Undefined,,,,,3.38766,0.852,Hitter's Count,BallCalled,,Undefined,,,,Right,Undefined,,,,,,81.68853
,4,"Caulfield, Garen",Fastball,Undefined,,,,,1.46595,-0.75675,Hitter's Count,StrikeCalled,,Undefined,,,,Right,Undefined,,,,,,89.54266
,5,"Caulfield, Garen",Fastball,Undefined,,,,,3.1192,-0.2211,Hitter's Count,StrikeSwinging,,Undefined,,,,Right,Undefined,,,,1.0,1.0,90.2232
,6,"Caulfield, Garen",ChangeUp,Undefined,,,,,1.06938,0.33791,Full Count,FoulBallNotFieldable,,Undefined,,,,Right,Undefined,,,,,,81.84684
,7,"Caulfield, Garen",Fastball,Undefined,,,,,3.3223,1.2547,Full Count,BallCalled,,Walk,,,,Right,Undefined,,,,,,89.96585
1.0,1,"Caulfield, Garen",Fastball,Undefined,,,,,1.14173,-1.64926,0-0 Count,BallCalled,,Undefined,,,,Right,Undefined,,,,,,90.97591
,2,"Caulfield, Garen",Fastball,Undefined,,,,,2.4984,-0.59318,Neutral Count,StrikeCalled,,Undefined,,,,Right,Undefined,,,,,,88.27764
,3,"Caulfield, Garen",Slider,Undefined,,,,,-0.19364,-1.30276,Neutral Count,BallCalled,,Undefined,,,,Right,Undefined,,,,,,80.70687
,4,"Caulfield, Garen",Fastball,Out,18.322016,22.906783,-22.906783,304.86746,1.96203,-0.62373,Hitter's Count,InPlay,96.89747,Undefined,97.59219,31.33197,50.75034,Right,LineDrive,0.92341,1.68431,0.53274,1.0,,89.27045
1.0,1,"Caulfield, Garen",Cutter,Undefined,,,,,3.58293,-0.76972,0-0 Count,StrikeCalled,,Undefined,,,,Right,Undefined,,,,,,86.64976
,2,"Caulfield, Garen",Fastball,Out,47.145041,5.085462,-5.085462,170.85413,2.57991,0.17083,Neutral Count,InPlay,93.19954,Undefined,108.01575,118.53049,20.79827,Right,FlyBall,1.65517,2.4431,-0.18898,1.0,,90.38063
1.0,1,"Caulfield, Garen",Fastball,Undefined,50.411522,34.245944,-34.245944,,1.97822,0.00625,0-0 Count,FoulBallNotFieldable,89.63767,Undefined,,,,Right,Undefined,1.35038,1.60388,-0.14962,,,90.12723
,2,"Caulfield, Garen",Slider,Undefined,,,,,3.45782,-0.87538,Neutral Count,BallCalled,,Undefined,,,,Right,Undefined,,,,,,78.91132
,3,"Caulfield, Garen",Fastball,Undefined,,,,,3.54592,0.31096,Neutral Count,FoulBallNotFieldable,,Undefined,,,,Right,Undefined,,,,,,90.12447
,4,"Caulfield, Garen",Slider,Undefined,,,,,3.46211,1.2338,Pitcher's Count,BallCalled,,Undefined,,,,Right,Undefined,,,,,,75.22835
,5,"Caulfield, Garen",Cutter,Undefined,,,,,0.31027,-1.80555,Pitcher's Count,BallCalled,,Undefined,,,,Right,Undefined,,,,,,87.3073
,6,"Caulfield, Garen",Slider,Undefined,,,,,1.00443,-0.64105,Full Count,BallCalled,,Walk,,,,Right,Undefined,,,,,,79.73084
1.0,1,"Caulfield, Garen",Slider,Undefined,,,,,1.30022,0.04325,0-0 Count,StrikeCalled,,Undefined,,,,Left,Undefined,,,,,,82.01492
,2,"Caulfield, Garen",Fastball,Undefined,,,,,0.47169,-0.84474,Neutral Count,BallCalled,,Undefined,,,,Left,Undefined,,,,,,89.61383
,3,"Caulfield, Garen",Fastball,Undefined,,,,,3.45663,-1.06954,Neutral Count,BallCalled,,Undefined,,,,Left,Undefined,,,,,,88.85268
,4,"Caulfield, Garen",Fastball,Undefined,,,,,2.44231,-0.40323,Hitter's Count,StrikeSwinging,,Undefined,,,,Left,Undefined,,,,1.0,1.0,89.08818
,5,"Caulfield, Garen",Fastball,Undefined,,,,,3.79209,-0.43982,Pitcher's Count,BallCalled,,Undefined,,,,Left,Undefined,,,,,,88.5623
,6,"Caulfield, Garen",Slider,Single,-2.723317,-3.683551,3.683551,23.45922,1.52457,-0.26226,Full Count,InPlay,104.28651,Undefined,,,,Left,GroundBall,2.04145,1.49279,0.27427,1.0,,78.61962
1.0,1,"Caulfield, Garen",Fastball,Triple,18.574014,22.504314,-22.504314,309.74517,3.21546,-0.79375,0-0 Count,InPlay,99.83499,Undefined,98.82227,31.86048,48.31297,Right,LineDrive,0.80229,2.88523,0.67258,1.0,,91.97822
1.0,1,"Caulfield, Garen",Fastball,Undefined,,,,,2.73254,0.27037,0-0 Count,StrikeCalled,,Undefined,,,,Right,Undefined,,,,,,90.0883
,2,"Caulfield, Garen",Slider,Undefined,,,,,0.68941,-1.66424,Neutral Count,BallCalled,,Undefined,,,,Right,Undefined,,,,,,82.24147
,3,"Caulfield, Garen",Fastball,Undefined,,,,,4.9494,0.03156,Neutral Count,BallCalled,,Undefined,,,,Right,Undefined,,,,,,88.925
,4,"Caulfield, Garen",Curveball,Undefined,62.581275,32.747408,-32.747408,,2.72603,0.41145,Hitter's Count,FoulBallNotFieldable,77.07345,Undefined,,,,Right,Undefined,1.4456,2.68585,-0.4549,,,77.79603
,5,"Caulfield, Garen",Fastball,Undefined,39.769024,166.727864,-166.727864,,3.32402,-0.11313,Pitcher's Count,FoulBallNotFieldable,72.30393,Undefined,,,,Right,Undefined,1.66395,3.26372,0.08409,,,90.51111
,6,"Caulfield, Garen",Curveball,Undefined,,,,,2.86711,0.36281,Pitcher's Count,StrikeCalled,,Strikeout,,,,Right,Undefined,,,,,,77.51917
1.0,1,"Caulfield, Garen",Fastball,Undefined,,,,,2.40383,-0.34662,0-0 Count,StrikeCalled,,Undefined,,,,Left,Undefined,,,,,,92.26535
,2,"Caulfield, Garen",Curveball,Undefined,,,,,0.60275,0.25019,Neutral Count,BallCalled,,Undefined,,,,Left,Undefined,,,,,,80.54787
,3,"Caulfield, Garen",Slider,Out,25.113325,13.212199,-13.212199,341.75475,1.59021,-0.14269,Neutral Count,InPlay,101.54795,Undefined,105.02873,47.41685,32.69307,Left,LineDrive,1.65046,1.54593,0.12866,1.0,,86.50514
1.0,1,"Caulfield, Garen",Slider,Undefined,,,,,1.80345,-0.19084,0-0 Count,StrikeCalled,,Undefined,,,,Right,Undefined,,,,,,78.80275
,2,"Caulfield, Garen",Cutter,Undefined,,,,,2.05908,0.75324,Neutral Count,BallCalled,,Undefined,,,,Right,Undefined,,,,,,87.1809
,3,"Caulfield, Garen",Fastball,Undefined,,,,,3.0859,-0.18628,Neutral Count,FoulBallNotFieldable,,Undefined,,,,Right,Undefined,,,,,,93.53789
,4,"Caulfield, Garen",Slider,Undefined,,,,,2.22123,-1.47051,Pitcher's Count,BallCalled,,Undefined,,,,Right,Undefined,,,,,,81.86264
,5,"Caulfield, Garen",Slider,Single,-6.849058,-5.035543,5.035543,15.74348,2.09943,-1.07516,Pitcher's Count,InPlay,79.04106,Undefined,,,,Right,GroundBall,1.58409,2.03292,1.0778,1.0,,81.92948
1.0,1,"Caulfield, Garen",Slider,Undefined,,,,,-0.86785,-2.85209,0-0 Count,BallCalled,,Undefined,,,,Right,Undefined,,,,,,81.48914
,2,"Caulfield, Garen",Fastball,Undefined,,,,,0.03659,-0.55868,Neutral Count,BallCalled,,Undefined,,,,Right,Undefined,,,,,,91.48802
,3,"Caulfield, Garen",Fastball,Undefined,,,,,1.58993,-1.01264,Hitter's Count,StrikeCalled,,Undefined,,,,Right,Undefined,,,,,,91.97335
,4,"Caulfield, Garen",Fastball,Undefined,,,,,1.28763,-0.58851,Hitter's Count,BallCalled,,Undefined,,,,Right,Undefined,,,,,,91.66585
,5,"Caulfield, Garen",Fastball,Undefined,,,,,2.13523,-1.71722,Hitter's Count,BallCalled,,Walk,,,,Right,Undefined,,,,,,92.21536
1.0,1,"Caulfield, Garen",Fastball,Undefined,,,,,2.27851,0.02497,0-0 Count,StrikeCalled,,Undefined,,,,Right,Undefined,,,,,,89.01924
,2,"Caulfield, Garen",Slider,Undefined,,,,,1.9799,-0.82155,Neutral Count,FoulBallNotFieldable,,Undefined,,,,Right,Undefined,,,,,,77.48093
,3,"Caulfield, Garen",ChangeUp,Undefined,-7.656464,-75.650618,75.650618,15.40965,2.23602,0.71851,Pitcher's Count,FoulBallNotFieldable,89.15481,Undefined,,,,Right,Undefined,,,,,,76.71469
,4,"Caulfield, Garen",Slider,Undefined,,,,,2.22479,-1.84397,Pitcher's Count,BallCalled,,Undefined,,,,Right,Undefined,,,,,,78.123
,5,"Caulfield, Garen",ChangeUp,Undefined,,,,,0.94282,-0.26653,Pitcher's Count,StrikeSwinging,,Strikeout,,,,Right,Undefined,,,,1.0,1.0,77.34899
1.0,1,"Caulfield, Garen",Curveball,Undefined,,,,,2.12273,1.34028,0-0 Count,BallCalled,,Undefined,,,,Right,Undefined,,,,,,80.82256
,2,"Caulfield, Garen",Slider,Undefined,,,,,1.38992,-2.03022,Neutral Count,BallCalled,,Undefined,,,,Right,Undefined,,,,,,82.35766
,3,"Caulfield, Garen",Slider,Undefined,,,,,1.2035,-2.0405,Hitter's Count,BallCalled,,Undefined,,,,Right,Undefined,,,,,,84.2849
,4,"Caulfield, Garen",Curveball,Undefined,,,,,3.1326,0.31048,Hitter's Count,StrikeCalled,,Undefined,,,,Right,Undefined,,,,,,81.30638
,5,"Caulfield, Garen",Slider,Undefined,,,,,0.80305,-1.63863,Hitter's Count,BallCalled,,Walk,,,,Right,Undefined,,,,,,85.18781
1.0,1,"Caulfield, Garen",Slider,Undefined,,,,,1.53553,-0.72809,0-0 Count,StrikeCalled,,Undefined,,,,Right,Undefined,,,,,,82.66519
,2,"Caulfield, Garen",Fastball,Undefined,,,,,4.1934,-0.43192,Neutral Count,BallCalled,,Undefined,,,,Right,Undefined,,,,,,92.05506
,3,"Caulfield, Garen",Fastball,Undefined,,,,,2.27061,-0.07149,Neutral Count,StrikeCalled,,Undefined,,,,Right,Undefined,,,,,,90.82903
,4,"Caulfield, Garen",Slider,Undefined,,,,,1.38276,-0.79619,Pitcher's Count,StrikeCalled,,Strikeout,,,,Right,Undefined,,,,,,83.17706
1.0,1,"Caulfield, Garen",Sinker,Undefined,,,,,2.01693,2.01136,0-0 Count,BallCalled,,Undefined,,,,Right,Undefined,,,,,,92.26389
,2,"Caulfield, Garen",Sinker,Undefined,,,,,2.32541,-2.21092,Neutral Count,BallCalled,,Undefined,,,,Right,Undefined,,,,,,91.85963
,3,"Caulfield, Garen",Sinker,Undefined,,,,,3.58178,2.05282,Hitter's Count,HitByPitch,,Undefined,,,,Right,Undefined,,,,,,90.16298
1.0,1,"Caulfield, Garen",Fastball,Out,,,,,1.91504,0.31448,0-0 Count,InPlay,,Undefined,,,,Right,GroundBall,,,,1.0,,93.63571
1.0,1,"Caulfield, Garen",Curveball,Undefined,,,,,0.65928,0.14722,0-0 Count,BallCalled,,Undefined,,,,Right,Undefined,,,,,,85.58515
,2,"Caulfield, Garen",Fastball,Undefined,,,,,3.35008,-0.36453,Neutral Count,StrikeCalled,,Undefined,,,,Right,Undefined,,,,,,92.35636
,3,"Caulfield, Garen",Fastball,Undefined,,,,,2.50045,-0.02903,Neutral Count,StrikeCalled,,Undefined,,,,Right,Undefined,,,,,,92.16097
,4,"Caulfield, Garen",Curveball,Undefined,,,,,1.37962,-0.87493,Pitcher's Count,BallCalled,,Undefined,,,,Right,Undefined,,,,,,84.95189
,5,"Caulfield, Garen",Curveball,Undefined,,,,,-0.02974,-1.09659,Pitcher's Count,BallCalled,,Undefined,,,,Right,Undefined,,,,,,84.63425
,6,"Caulfield, Garen",Curveball,Undefined,14.598157,175.418737,-175.418737,112.92815,3.78144,-0.55163,Full Count,FoulBallNotFieldable,72.58583,Undefined,,,,Right,Undefined,1.56233,3.61218,0.58944,,,84.96881
,7,"Caulfield, Garen",Fastball,Undefined,,,,,1.73118,-0.40988,Full Count,StrikeCalled,,Strikeout,,,,Right,Undefined,,,,,,92.86258
,0,"Caulfield, Garen",,,,,,,,,Neutral Count,,,Strikeout,,,,Left,,,,,,,
,0,"Caulfield, Garen",,,,,,,,,Neutral Count,,,Walk,,,,Left,,,,,,,
,0,"Caulfield, Garen",,,,,,,,,Neutral Count,,,Strikeout,,,,Right,,,,,,,
